ds,trend,yhat_lower,yhat_upper,trend_lower,trend_upper,additive_terms,additive_terms_lower,additive_terms_upper,weekly,weekly_lower,weekly_upper,multiplicative_terms,multiplicative_terms_lower,multiplicative_terms_upper,yhat
2024-01-01,10.282814108317032,5.276242822110272,14.550332079360354,10.282814108317032,10.282814108317032,-0.3076981590067927,-0.3076981590067927,-0.3076981590067927,-0.3076981590067927,-0.3076981590067927,-0.3076981590067927,0.0,0.0,0.0,9.97511594931024
2024-01-02,10.282504959269591,6.025108971667184,14.877914265476178,10.282504959269591,10.282504959269591,0.22161700422065345,0.22161700422065345,0.22161700422065345,0.22161700422065345,0.22161700422065345,0.22161700422065345,0.0,0.0,0.0,10.504121963490245
2024-01-03,10.282195810222149,6.359027615755255,15.381633442800284,10.282195810222149,10.282195810222149,0.3888423386199611,0.3888423386199611,0.3888423386199611,0.3888423386199611,0.3888423386199611,0.3888423386199611,0.0,0.0,0.0,10.67103814884211
2024-01-04,10.28188666117471,6.1260478721321565,15.309895778132624,10.281388987780005,10.282352899365604,0.4827737040679546,0.4827737040679546,0.4827737040679546,0.4827737040679546,0.4827737040679546,0.4827737040679546,0.0,0.0,0.0,10.764660365242664
2024-01-05,10.281577512127267,4.823174201096699,13.890679290890112,10.279976026561076,10.28278830985796,-1.0017294862371469,-1.0017294862371469,-1.0017294862371469,-1.0017294862371469,-1.0017294862371469,-1.0017294862371469,0.0,0.0,0.0,9.27984802589012
2024-01-06,10.281268363079826,5.58780566420076,14.493136312790403,10.278655437149597,10.28402055236314,-0.4830149648062329,-0.4830149648062329,-0.4830149648062329,-0.4830149648062329,-0.4830149648062329,-0.4830149648062329,0.0,0.0,0.0,9.798253398273594
2024-01-07,10.280959214032386,6.304369143268442,15.702063914835517,10.276528696835959,10.285014889986025,0.6992095631435744,0.6992095631435744,0.6992095631435744,0.6992095631435744,0.6992095631435744,0.6992095631435744,0.0,0.0,0.0,10.98016877717596
2024-01-08,10.280650064984945,5.500397200263141,14.343351233601675,10.274407791983352,10.28687209752569,-0.30769815900459996,-0.30769815900459996,-0.30769815900459996,-0.30769815900459996,-0.30769815900459996,-0.30769815900459996,0.0,0.0,0.0,9.972951905980345
2024-01-09,10.280340915937503,6.271253743966087,15.27157877383822,10.271418258290929,10.28913413352622,0.221617004221135,0.221617004221135,0.221617004221135,0.221617004221135,0.221617004221135,0.221617004221135,0.0,0.0,0.0,10.501957920158638
2024-01-10,10.280031766890064,6.201551817695846,15.144719384316288,10.268902899207221,10.29260467409587,0.3888423386216013,0.3888423386216013,0.3888423386216013,0.3888423386216013,0.3888423386216013,0.3888423386216013,0.0,0.0,0.0,10.668874105511664
2024-01-11,10.279722617842621,6.005900736721108,15.355647828591279,10.26572828139347,10.2948127040788,0.48277370406850073,0.48277370406850073,0.48277370406850073,0.48277370406850073,0.48277370406850073,0.48277370406850073,0.0,0.0,0.0,10.762496321911122
2024-01-12,10.27941346879518,4.826664215174675,13.502879187927244,10.261885010095119,10.297370289603737,-1.0017294862394164,-1.0017294862394164,-1.0017294862394164,-1.0017294862394164,-1.0017294862394164,-1.0017294862394164,0.0,0.0,0.0,9.277683982555764
2024-01-13,10.27910431974774,5.267558129887868,14.127297899166878,10.258394309804498,10.30003173905389,-0.4830149648108389,-0.4830149648108389,-0.4830149648108389,-0.4830149648108389,-0.4830149648108389,-0.4830149648108389,0.0,0.0,0.0,9.796089354936901
2024-01-14,10.278795170700299,6.360383552339057,15.773714143708888,10.25437730290719,10.30379693089343,0.699209563142149,0.699209563142149,0.699209563142149,0.699209563142149,0.699209563142149,0.699209563142149,0.0,0.0,0.0,10.978004733842448
2024-01-15,10.278486021652856,5.174098759109522,14.322285754367243,10.250613610464178,10.307556543327529,-0.3076981590054093,-0.3076981590054093,-0.3076981590054093,-0.3076981590054093,-0.3076981590054093,-0.3076981590054093,0.0,0.0,0.0,9.970787862647446
2024-01-16,10.278176872605416,5.706220477647023,14.887173881595151,10.24747023186523,10.310705348287884,0.22161700422161656,0.22161700422161656,0.22161700422161656,0.22161700422161656,0.22161700422161656,0.22161700422161656,0.0,0.0,0.0,10.499793876827033
2024-01-17,10.277867723557975,6.288971932823796,15.15162672874729,10.242576719748907,10.31530712176596,0.38884233862117656,0.38884233862117656,0.38884233862117656,0.38884233862117656,0.38884233862117656,0.38884233862117656,0.0,0.0,0.0,10.66671006217915
2024-01-18,10.277558574510534,6.6016598708236085,15.369616121102824,10.237883243769225,10.31917491649732,0.4827737040671152,0.4827737040671152,0.4827737040671152,0.4827737040671152,0.4827737040671152,0.4827737040671152,0.0,0.0,0.0,10.76033227857765
2024-01-19,10.277249425463094,4.925383987561992,13.754036165374618,10.233512941016327,10.323112814217948,-1.0017294862416861,-1.0017294862416861,-1.0017294862416861,-1.0017294862416861,-1.0017294862416861,-1.0017294862416861,0.0,0.0,0.0,9.275519939221407
2024-01-20,10.276940276415653,5.191114079683462,14.552101627579656,10.229300108768394,10.327570949870118,-0.4830149648105068,-0.4830149648105068,-0.4830149648105068,-0.4830149648105068,-0.4830149648105068,-0.4830149648105068,0.0,0.0,0.0,9.793925311605147
2024-01-21,10.27663112736821,6.043643892131547,15.475369055063716,10.225678738524403,10.331610125026614,0.6992095631447647,0.6992095631447647,0.6992095631447647,0.6992095631447647,0.6992095631447647,0.6992095631447647,0.0,0.0,0.0,10.975840690512975
2024-01-22,10.27632197832077,4.920410175263182,14.600429953787675,10.220184624819884,10.335379325847503,-0.3076981590062187,-0.3076981590062187,-0.3076981590062187,-0.3076981590062187,-0.3076981590062187,-0.3076981590062187,0.0,0.0,0.0,9.968623819314551
2024-01-23,10.276012829273329,6.0898468953611005,15.125713602352333,10.215713943635954,10.340681196644946,0.22161700422202693,0.22161700422202693,0.22161700422202693,0.22161700422202693,0.22161700422202693,0.22161700422202693,0.0,0.0,0.0,10.497629833495356
2024-01-24,10.275703680225888,5.944601688516297,15.323449224298365,10.209383143352822,10.347308325388157,0.38884233861973183,0.38884233861973183,0.38884233861973183,0.38884233861973183,0.38884233861973183,0.38884233861973183,0.0,0.0,0.0,10.66454601884562
2024-01-25,10.275394531178447,5.871896458422109,15.209597632128343,10.20133504783438,10.351188323585319,0.4827737040676612,0.4827737040676612,0.4827737040676612,0.4827737040676612,0.4827737040676612,0.4827737040676612,0.0,0.0,0.0,10.758168235246108
2024-01-26,10.275085382131007,4.567843378225587,13.668458098514034,10.19606913714384,10.355747585952278,-1.0017294862415076,-1.0017294862415076,-1.0017294862415076,-1.0017294862415076,-1.0017294862415076,-1.0017294862415076,0.0,0.0,0.0,9.273355895889498
2024-01-27,10.274776233083566,5.339262779305924,14.539880374632219,10.190530127910277,10.36053099874168,-0.48301496481017486,-0.48301496481017486,-0.48301496481017486,-0.48301496481017486,-0.48301496481017486,-0.48301496481017486,0.0,0.0,0.0,9.79176126827339
2024-01-28,10.274467084036123,6.3353700448538754,15.675703601166344,10.185167092459999,10.366649651518083,0.6992095631433393,0.6992095631433393,0.6992095631433393,0.6992095631433393,0.6992095631433393,0.6992095631433393,0.0,0.0,0.0,10.973676647179463
2024-01-29,10.274157934988683,5.613343042382265,14.413201492632075,10.179508093391911,10.372425602060142,-0.3076981590040258,-0.3076981590040258,-0.3076981590040258,-0.3076981590040258,-0.3076981590040258,-0.3076981590040258,0.0,0.0,0.0,9.966459775984656
2024-01-30,10.273848785941242,5.75378875387132,14.784575083481895,10.172679351179896,10.378960724091428,0.22161700422243719,0.22161700422243719,0.22161700422243719,0.22161700422243719,0.22161700422243719,0.22161700422243719,0.0,0.0,0.0,10.49546579016368
2024-01-31,10.273539636893801,6.1703516823625915,15.12221404821314,10.163886647554216,10.387217079814485,0.38884233862033946,0.38884233862033946,0.38884233862033946,0.38884233862033946,0.38884233862033946,0.38884233862033946,0.0,0.0,0.0,10.66238197551414
2024-02-01,10.273230487846359,6.364826368213789,15.274913015712533,10.15721590381958,10.390499927261253,0.48277370406762155,0.48277370406762155,0.48277370406762155,0.48277370406762155,0.48277370406762155,0.48277370406762155,0.0,0.0,0.0,10.75600419191398
2024-02-02,10.27292133879892,4.499632106442858,13.809727292780876,10.154142519631739,10.396408716630168,-1.0017294862413293,-1.0017294862413293,-1.0017294862413293,-1.0017294862413293,-1.0017294862413293,-1.0017294862413293,0.0,0.0,0.0,9.27119185255759
2024-02-03,10.272612189751477,5.224342577006171,14.557097640652671,10.149435263433569,10.402474058051231,-0.4830149648073627,-0.4830149648073627,-0.4830149648073627,-0.4830149648073627,-0.4830149648073627,-0.4830149648073627,0.0,0.0,0.0,9.789597224944114
2024-02-04,10.272303040704037,6.238525564525177,15.152376359507363,10.145217534973371,10.40917955800371,0.6992095631431899,0.6992095631431899,0.6992095631431899,0.6992095631431899,0.6992095631431899,0.6992095631431899,0.0,0.0,0.0,10.971512603847227
2024-02-05,10.271993891656596,5.362826004466778,14.690073208778674,10.138984620695018,10.416153388362364,-0.3076981590036744,-0.3076981590036744,-0.3076981590036744,-0.3076981590036744,-0.3076981590036744,-0.3076981590036744,0.0,0.0,0.0,9.964295732652921
2024-02-06,10.271684742609155,5.84980002345122,14.912902180700323,10.133046217063875,10.420752052912999,0.22161700422291866,0.22161700422291866,0.22161700422291866,0.22161700422291866,0.22161700422291866,0.22161700422291866,0.0,0.0,0.0,10.493301746832074
2024-02-07,10.271375593561713,5.76644752359124,15.184669293371504,10.126085558362291,10.428115811927565,0.38884233862094714,0.38884233862094714,0.38884233862094714,0.38884233862094714,0.38884233862094714,0.38884233862094714,0.0,0.0,0.0,10.66021793218266
2024-02-08,10.271066444514274,5.841979388256528,15.181902787780617,10.11896618509963,10.4359889057039,0.48277370406816755,0.48277370406816755,0.48277370406816755,0.48277370406816755,0.48277370406816755,0.48277370406816755,0.0,0.0,0.0,10.75384014858244
2024-02-09,10.270757295466831,5.0057688157767215,13.878975428287978,10.111628923595225,10.440231577402676,-1.0017294862390644,-1.0017294862390644,-1.0017294862390644,-1.0017294862390644,-1.0017294862390644,-1.0017294862390644,0.0,0.0,0.0,9.269027809227767
2024-02-10,10.27044814641939,5.503123787765718,14.130129687792145,10.10419111406142,10.444813703597607,-0.4830149648045506,-0.4830149648045506,-0.4830149648045506,-0.4830149648045506,-0.4830149648045506,-0.4830149648045506,0.0,0.0,0.0,9.78743318161484
2024-02-11,10.270138997371948,6.33530184502,15.496717133960596,10.095848721648096,10.448869499400896,0.6992095631437851,0.6992095631437851,0.6992095631437851,0.6992095631437851,0.6992095631437851,0.6992095631437851,0.0,0.0,0.0,10.969348560515733
2024-02-12,10.269829848324509,5.320628346059555,14.485407535585068,10.087452887776005,10.455950051719112,-0.3076981590056446,-0.3076981590056446,-0.3076981590056446,-0.3076981590056446,-0.3076981590056446,-0.3076981590056446,0.0,0.0,0.0,9.962131689318865
2024-02-13,10.269520699277066,5.792602031940176,15.489262753676755,10.082737091361174,10.462819070318776,0.22161700422340022,0.22161700422340022,0.22161700422340022,0.22161700422340022,0.22161700422340022,0.22161700422340022,0.0,0.0,0.0,10.491137703500467
2024-02-14,10.269211550229626,6.11091965370029,15.318200529994872,10.077310431879718,10.472200404978107,0.3888423386205225,0.3888423386205225,0.3888423386205225,0.3888423386205225,0.3888423386205225,0.3888423386205225,0.0,0.0,0.0,10.658053888850148
2024-02-15,10.268902401182185,5.901715658996751,14.97080982669794,10.068499500614973,10.476891010042012,0.48277370406678194,0.48277370406678194,0.48277370406678194,0.48277370406678194,0.48277370406678194,0.48277370406678194,0.0,0.0,0.0,10.751676105248967
2024-02-16,10.268593252134744,4.622914830077708,13.408067943187204,10.059428450113717,10.486088528488466,-1.0017294862413344,-1.0017294862413344,-1.0017294862413344,-1.0017294862413344,-1.0017294862413344,-1.0017294862413344,0.0,0.0,0.0,9.26686376589341
2024-02-17,10.268284103087302,5.007392913515638,14.547261672382241,10.051778262933519,10.4898585130209,-0.4830149648042185,-0.4830149648042185,-0.4830149648042185,-0.4830149648042185,-0.4830149648042185,-0.4830149648042185,0.0,0.0,0.0,9.785269138283084
2024-02-18,10.267974954039863,6.344086123663763,15.53713261709146,10.042179068732038,10.497155131409556,0.6992095631443803,0.6992095631443803,0.6992095631443803,0.6992095631443803,0.6992095631443803,0.6992095631443803,0.0,0.0,0.0,10.967184517184243
2024-02-19,10.26766580499242,5.708580557396765,14.433406923369205,10.032925988253377,10.503193883882902,-0.3076981590052931,-0.3076981590052931,-0.3076981590052931,-0.3076981590052931,-0.3076981590052931,-0.3076981590052931,0.0,0.0,0.0,9.959967645987128
2024-02-20,10.26735665594498,6.2658900005380005,14.987380688227944,10.024698321338033,10.510284496479729,0.221617004221319,0.221617004221319,0.221617004221319,0.221617004221319,0.221617004221319,0.221617004221319,0.0,0.0,0.0,10.488973660166298
2024-02-21,10.267047506897539,6.10758104999782,15.12474974652848,10.020897060554855,10.517918663390777,0.3888423386200977,0.3888423386200977,0.3888423386200977,0.3888423386200977,0.3888423386200977,0.3888423386200977,0.0,0.0,0.0,10.655889845517637
2024-02-22,10.266738357850098,5.762704017236174,15.208871797841718,10.015000641525472,10.52505684284373,0.4827737040673281,0.4827737040673281,0.4827737040673281,0.4827737040673281,0.4827737040673281,0.4827737040673281,0.0,0.0,0.0,10.749512061917427
2024-02-23,10.266429208802656,4.636883671039072,13.811041040941443,10.007202513872166,10.532141652363853,-1.0017294862387074,-1.0017294862387074,-1.0017294862387074,-1.0017294862387074,-1.0017294862387074,-1.0017294862387074,0.0,0.0,0.0,9.264699722563948
2024-02-24,10.266120059755217,5.7208686831197655,14.516102780472346,10.000326017185126,10.540829038877614,-0.4830149648038865,-0.4830149648038865,-0.4830149648038865,-0.4830149648038865,-0.4830149648038865,-0.4830149648038865,0.0,0.0,0.0,9.78310509495133
2024-02-25,10.265810910707774,6.3282681938852425,15.355932682825578,9.987493824525016,10.546142620582009,0.699209563144231,0.699209563144231,0.699209563144231,0.699209563144231,0.699209563144231,0.699209563144231,0.0,0.0,0.0,10.965020473852006
2024-02-26,10.265501761660333,5.43082185142927,14.628900019501074,9.976560387339704,10.552863867180921,-0.3076981590061024,-0.3076981590061024,-0.3076981590061024,-0.3076981590061024,-0.3076981590061024,-0.3076981590061024,0.0,0.0,0.0,9.95780360265423
2024-02-27,10.265192612612891,6.188483276137563,15.044968285269404,9.968135874114283,10.559316845985501,0.22161700422172934,0.22161700422172934,0.22161700422172934,0.22161700422172934,0.22161700422172934,0.22161700422172934,0.0,0.0,0.0,10.48680961683462
2024-02-28,10.264883463565452,6.19287907135776,15.3237110229448,9.95584162571108,10.566417333254783,0.3888423386196854,0.3888423386196854,0.3888423386196854,0.3888423386196854,0.3888423386196854,0.3888423386196854,0.0,0.0,0.0,10.653725802185138
2024-02-29,10.26457431451801,6.274041928031941,15.640510055453785,9.94406830506757,10.572512911831279,0.4827737040659425,0.4827737040659425,0.4827737040659425,0.4827737040659425,0.4827737040659425,0.4827737040659425,0.0,0.0,0.0,10.747348018583953
2024-03-01,10.264265165470569,4.472523829389635,13.93134500437682,9.935013713528626,10.577903941903605,-1.0017294862409774,-1.0017294862409774,-1.0017294862409774,-1.0017294862409774,-1.0017294862409774,-1.0017294862409774,0.0,0.0,0.0,9.262535679229591
2024-03-02,10.263956016423128,5.3372449745477715,14.164148418900636,9.925807027646798,10.586969988686263,-0.4830149648084925,-0.4830149648084925,-0.4830149648084925,-0.4830149648084925,-0.4830149648084925,-0.4830149648084925,0.0,0.0,0.0,9.780941051614636
2024-03-03,10.263646867375687,6.40120318719599,15.57646913102942,9.914378511670831,10.595406085039098,0.6992095631448262,0.6992095631448262,0.6992095631448262,0.6992095631448262,0.6992095631448262,0.6992095631448262,0.0,0.0,0.0,10.962856430520514
2024-03-04,10.263337718328245,5.580098812856896,14.363310127234554,9.90746752075005,10.60542053591194,-0.307698159005751,-0.307698159005751,-0.307698159005751,-0.307698159005751,-0.307698159005751,-0.307698159005751,0.0,0.0,0.0,9.955639559322494
2024-03-05,10.263028569280806,5.967058050253059,15.178564816010406,9.89849869168398,10.614476209921902,0.2216170042222822,0.2216170042222822,0.2216170042222822,0.2216170042222822,0.2216170042222822,0.2216170042222822,0.0,0.0,0.0,10.484645573503087
2024-03-06,10.262719420233363,5.846642309255737,15.080164273486755,9.890596831360961,10.624179533629801,0.38884233862132567,0.38884233862132567,0.38884233862132567,0.38884233862132567,0.38884233862132567,0.38884233862132567,0.0,0.0,0.0,10.651561758854688
2024-03-07,10.262410271185923,6.10080671353755,15.222528372683186,9.876642221051679,10.637348440895067,0.48277370406976616,0.48277370406976616,0.48277370406976616,0.48277370406976616,0.48277370406976616,0.48277370406976616,0.0,0.0,0.0,10.745183975255689
2024-03-08,10.262101122138482,4.625270719677085,13.80954560087454,9.870301147692578,10.645907108816017,-1.0017294862407986,-1.0017294862407986,-1.0017294862407986,-1.0017294862407986,-1.0017294862407986,-1.0017294862407986,0.0,0.0,0.0,9.260371635897684
2024-03-09,10.261791973091041,5.318880921127842,14.589584214444734,9.858410000685849,10.658618627229151,-0.48301496480568035,-0.48301496480568035,-0.48301496480568035,-0.48301496480568035,-0.48301496480568035,-0.48301496480568035,0.0,0.0,0.0,9.778777008285362
2024-03-10,10.261482824043599,6.1909019207931495,15.443592990262825,9.851926042215364,10.671145752328187,0.6992095631434005,0.6992095631434005,0.6992095631434005,0.6992095631434005,0.6992095631434005,0.6992095631434005,0.0,0.0,0.0,10.960692387186999
2024-03-11,10.261173674996158,5.330633261956565,14.46810309042376,9.844873498354406,10.683556087401724,-0.30769815900656033,-0.30769815900656033,-0.30769815900656033,-0.30769815900656033,-0.30769815900656033,-0.30769815900656033,0.0,0.0,0.0,9.953475515989597
2024-03-12,10.260864525948717,5.728731917765178,14.958590380591412,9.835064139148889,10.695364914670586,0.22161700422269237,0.22161700422269237,0.22161700422269237,0.22161700422269237,0.22161700422269237,0.22161700422269237,0.0,0.0,0.0,10.482481530171409
2024-03-13,10.260555376901277,6.053585703461636,15.264832953652967,9.824299894515654,10.702180359597287,0.38884233862090073,0.38884233862090073,0.38884233862090073,0.38884233862090073,0.38884233862090073,0.38884233862090073,0.0,0.0,0.0,10.649397715522177
2024-03-14,10.260246227853836,6.396819738056619,15.066374664227158,9.812875519428593,10.713144644701442,0.48277370406838055,0.48277370406838055,0.48277370406838055,0.48277370406838055,0.48277370406838055,0.48277370406838055,0.0,0.0,0.0,10.743019931922216
2024-03-15,10.259937078806395,4.7777752689304185,13.830863660886285,9.804708972749859,10.726750557323799,-1.0017294862430683,-1.0017294862430683,-1.0017294862430683,-1.0017294862430683,-1.0017294862430683,-1.0017294862430683,0.0,0.0,0.0,9.258207592563327
2024-03-16,10.259627929758953,4.829744177768098,13.869991229352907,9.79522070195576,10.734453227112143,-0.48301496480782835,-0.48301496480782835,-0.48301496480782835,-0.48301496480782835,-0.48301496480782835,-0.48301496480782835,0.0,0.0,0.0,9.776612964951124
2024-03-17,10.259318780711512,6.39727536564966,15.357282476128708,9.783697029895466,10.740328109489973,0.6992095631460162,0.6992095631460162,0.6992095631460162,0.6992095631460162,0.6992095631460162,0.6992095631460162,0.0,0.0,0.0,10.958528343857528
2024-03-18,10.259009631664071,5.356644106317995,14.557290315747066,9.772502862180495,10.746535153256259,-0.30769815900436753,-0.30769815900436753,-0.30769815900436753,-0.30769815900436753,-0.30769815900436753,-0.30769815900436753,0.0,0.0,0.0,9.951311472659704
2024-03-19,10.25870048261663,5.965978353839893,15.17044512734346,9.764597340327377,10.758748626929808,0.22161700422317393,0.22161700422317393,0.22161700422317393,0.22161700422317393,0.22161700422317393,0.22161700422317393,0.0,0.0,0.0,10.480317486839803
2024-03-20,10.25839133356919,6.076599734732594,14.812927455452662,9.754733878541519,10.775787064675525,0.38884233862047596,0.38884233862047596,0.38884233862047596,0.38884233862047596,0.38884233862047596,0.38884233862047596,0.0,0.0,0.0,10.647233672189666
2024-03-21,10.258082184521749,6.1577417157952485,15.249025513290796,9.744515107491358,10.783769923433859,0.4827737040689267,0.4827737040689267,0.4827737040689267,0.4827737040689267,0.4827737040689267,0.4827737040689267,0.0,0.0,0.0,10.740855888590676
2024-03-22,10.257773035474308,4.709990870926255,13.983670195925336,9.73439756072037,10.794387962212797,-1.0017294862428898,-1.0017294862428898,-1.0017294862428898,-1.0017294862428898,-1.0017294862428898,-1.0017294862428898,0.0,0.0,0.0,9.256043549231418
2024-03-23,10.257463886426866,5.1792928518633445,14.303875251269012,9.72414739565312,10.806425516961195,-0.48301496480995415,-0.48301496480995415,-0.48301496480995415,-0.48301496480995415,-0.48301496480995415,-0.48301496480995415,0.0,0.0,0.0,9.774448921616912
2024-03-24,10.257154737379425,6.1675724938100505,15.403165441605875,9.714074092489732,10.818110652412875,0.6992095631445909,0.6992095631445909,0.6992095631445909,0.6992095631445909,0.6992095631445909,0.6992095631445909,0.0,0.0,0.0,10.956364300524015
2024-03-25,10.256845588331984,5.537778593725052,14.954669968349723,9.704099724220649,10.822985017123797,-0.3076981590051769,-0.3076981590051769,-0.3076981590051769,-0.3076981590051769,-0.3076981590051769,-0.3076981590051769,0.0,0.0,0.0,9.949147429326807
2024-03-26,10.256536439284544,5.705603750129536,14.91059125910905,9.693675620990964,10.830271838671214,0.2216170042235843,0.2216170042235843,0.2216170042235843,0.2216170042235843,0.2216170042235843,0.2216170042235843,0.0,0.0,0.0,10.478153443508127
2024-03-27,10.256227290237101,5.799279847361747,15.403755286099333,9.682297383522208,10.843668841257283,0.3888423386210837,0.3888423386210837,0.3888423386210837,0.3888423386210837,0.3888423386210837,0.3888423386210837,0.0,0.0,0.0,10.645069628858185
2024-03-28,10.255918141189662,6.051063279887704,15.157457553003567,9.670848652190749,10.863154033355967,0.4827737040656094,0.4827737040656094,0.4827737040656094,0.4827737040656094,0.4827737040656094,0.4827737040656094,0.0,0.0,0.0,10.738691845255271
2024-03-29,10.25560899214222,4.522086237629696,13.718363567322486,9.659460944394493,10.873640854152065,-1.0017294862406252,-1.0017294862406252,-1.0017294862406252,-1.0017294862406252,-1.0017294862406252,-1.0017294862406252,0.0,0.0,0.0,9.253879505901594
2024-03-30,10.255299843094779,4.928139628090373,14.44080468554287,9.64479814854998,10.88410114708651,-0.4830149648121022,-0.4830149648121022,-0.4830149648121022,-0.4830149648121022,-0.4830149648121022,-0.4830149648121022,0.0,0.0,0.0,9.772284878282676
2024-03-31,10.254990694047338,6.28802981487038,15.62102744463167,9.633057570923095,10.895486886606367,0.6992095631431655,0.6992095631431655,0.6992095631431655,0.6992095631431655,0.6992095631431655,0.6992095631431655,0.0,0.0,0.0,10.954200257190504
2024-04-01,10.254681544999897,5.41172540897569,14.375032307462558,9.620304623068103,10.90926110660552,-0.30769815900482544,-0.30769815900482544,-0.30769815900482544,-0.30769815900482544,-0.30769815900482544,-0.30769815900482544,0.0,0.0,0.0,9.946983385995072
2024-04-02,10.254372395952455,5.813103842058947,15.246184810915524,9.609758981537283,10.918440800853876,0.22161700422157435,0.22161700422157435,0.22161700422157435,0.22161700422157435,0.22161700422157435,0.22161700422157435,0.0,0.0,0.0,10.47598940017403
2024-04-03,10.254063246905016,6.201723614723046,15.254374863552453,9.601605605382732,10.934204412223181,0.3888423386186064,0.3888423386186064,0.3888423386186064,0.3888423386186064,0.3888423386186064,0.3888423386186064,0.0,0.0,0.0,10.642905585523621
2024-04-04,10.253754097857573,6.511262150187426,15.428665789527647,9.591471691809787,10.944246056126484,0.48277370406615544,0.48277370406615544,0.48277370406615544,0.48277370406615544,0.48277370406615544,0.48277370406615544,0.0,0.0,0.0,10.736527801923728
2024-04-05,10.253444948810133,4.416099450284667,13.918886990060702,9.580148480620256,10.95698304429306,-1.0017294862404464,-1.0017294862404464,-1.0017294862404464,-1.0017294862404464,-1.0017294862404464,-1.0017294862404464,0.0,0.0,0.0,9.251715462569686
2024-04-06,10.25313579976269,5.210755674793748,14.143775628910323,9.567045226672695,10.968538506181106,-0.48301496480929007,-0.48301496480929007,-0.48301496480929007,-0.48301496480929007,-0.48301496480929007,-0.48301496480929007,0.0,0.0,0.0,9.7701208349534
2024-04-07,10.252826650715251,6.243381394390538,15.649760876650221,9.552802051651426,10.976984560792117,0.6992095631437605,0.6992095631437605,0.6992095631437605,0.6992095631437605,0.6992095631437605,0.6992095631437605,0.0,0.0,0.0,10.952036213859012
2024-04-08,10.252517501667809,5.382245992480257,14.300760937192535,9.539357931120637,10.993630496519046,-0.30769815900679576,-0.30769815900679576,-0.30769815900679576,-0.30769815900679576,-0.30769815900679576,-0.30769815900679576,0.0,0.0,0.0,9.944819342661013
2024-04-09,10.252208352620368,5.581488626160612,14.930473806444795,9.523919160910118,10.995841217634734,0.2216170042220559,0.2216170042220559,0.2216170042220559,0.2216170042220559,0.2216170042220559,0.2216170042220559,0.0,0.0,0.0,10.473825356842424
2024-04-10,10.251899203572927,6.045470600326096,15.074181307634529,9.510275907196716,10.99972901078004,0.3888423386202467,0.3888423386202467,0.3888423386202467,0.3888423386202467,0.3888423386202467,0.3888423386202467,0.0,0.0,0.0,10.640741542193174
2024-04-11,10.251590054525487,5.938047434642019,15.525528470931215,9.497802639416834,11.007962438059977,0.48277370406670167,0.48277370406670167,0.48277370406670167,0.48277370406670167,0.48277370406670167,0.48277370406670167,0.0,0.0,0.0,10.734363758592188
2024-04-12,10.251280905478044,4.666295409431244,14.131200318801863,9.486747975126416,11.018154851559464,-1.001729486240268,-1.001729486240268,-1.001729486240268,-1.001729486240268,-1.001729486240268,-1.001729486240268,0.0,0.0,0.0,9.249551419237775
2024-04-13,10.250971756430605,4.961331440209838,14.513880919083418,9.475431606098438,11.02872272170741,-0.4830149648089581,-0.4830149648089581,-0.4830149648089581,-0.4830149648089581,-0.4830149648089581,-0.4830149648089581,0.0,0.0,0.0,9.767956791621646
2024-04-14,10.250662607383163,6.296646667962436,15.447501528212602,9.460837448981344,11.039008621822227,0.6992095631415907,0.6992095631415907,0.6992095631415907,0.6992095631415907,0.6992095631415907,0.6992095631415907,0.0,0.0,0.0,10.949872170524753
2024-04-15,10.250353458335722,5.345772359585151,14.580644909977499,9.445138324303345,11.049076740614533,-0.3076981590064442,-0.3076981590064442,-0.3076981590064442,-0.3076981590064442,-0.3076981590064442,-0.3076981590064442,0.0,0.0,0.0,9.942655299329278
2024-04-16,10.250044309288281,5.735562392283531,15.5224414470151,9.427900794947627,11.05516569769537,0.22161700422253747,0.22161700422253747,0.22161700422253747,0.22161700422253747,0.22161700422253747,0.22161700422253747,0.0,0.0,0.0,10.471661313510818
2024-04-17,10.24973516024084,6.107223625413815,15.353799468853998,9.416085973776411,11.060207539306086,0.3888423386198219,0.3888423386198219,0.3888423386198219,0.3888423386198219,0.3888423386198219,0.3888423386198219,0.0,0.0,0.0,10.638577498860663
2024-04-18,10.249426011193398,6.513026101859168,15.197457971803564,9.401468447554427,11.070379635887567,0.482773704065316,0.482773704065316,0.482773704065316,0.482773704065316,0.482773704065316,0.482773704065316,0.0,0.0,0.0,10.732199715258714
2024-04-19,10.249116862145957,4.799487405457261,13.966609569438905,9.38726888743617,11.08188969055176,-1.0017294862380035,-1.0017294862380035,-1.0017294862380035,-1.0017294862380035,-1.0017294862380035,-1.0017294862380035,0.0,0.0,0.0,9.247387375907953
2024-04-20,10.248807713098516,5.071054605670325,14.369796822169087,9.375857329338428,11.09308707842086,-0.48301496480862594,-0.48301496480862594,-0.48301496480862594,-0.48301496480862594,-0.48301496480862594,-0.48301496480862594,0.0,0.0,0.0,9.76579274828989
2024-04-21,10.248498564051076,6.264944320965413,15.668474155223501,9.364603623494542,11.107535921531202,0.6992095631442063,0.6992095631442063,0.6992095631442063,0.6992095631442063,0.6992095631442063,0.6992095631442063,0.0,0.0,0.0,10.947708127195282
2024-04-22,10.248189415003633,5.087887686003668,14.579333917194885,9.353349917650657,11.122177321772226,-0.30769815900609276,-0.30769815900609276,-0.30769815900609276,-0.30769815900609276,-0.30769815900609276,-0.30769815900609276,0.0,0.0,0.0,9.940491255997541
2024-04-23,10.247880265956194,5.960205531820764,15.184027885147701,9.342096211806773,11.13340387847381,0.22161700422294783,0.22161700422294783,0.22161700422294783,0.22161700422294783,0.22161700422294783,0.22161700422294783,0.0,0.0,0.0,10.469497270179142
2024-04-24,10.247571116908752,6.324249932316701,15.064969684096292,9.332435532247798,11.140996432213717,0.3888423386204296,0.3888423386204296,0.3888423386204296,0.3888423386204296,0.3888423386204296,0.3888423386204296,0.0,0.0,0.0,10.636413455529182
2024-04-25,10.247261967861311,5.984164974582166,15.45915911094715,9.320287835597988,11.149879421579417,0.48277370407107134,0.48277370407107134,0.48277370407107134,0.48277370407107134,0.48277370407107134,0.48277370407107134,0.0,0.0,0.0,10.730035671932383
2024-04-26,10.24695281881387,5.008240000063438,14.107062322635294,9.307574839331261,11.161178378180283,-1.0017294862402732,-1.0017294862402732,-1.0017294862402732,-1.0017294862402732,-1.0017294862402732,-1.0017294862402732,0.0,0.0,0.0,9.245223332573596
2024-04-27,10.24664366976643,5.349531175263246,14.224042807228349,9.295718027005941,11.17266563793637,-0.483014964808294,-0.483014964808294,-0.483014964808294,-0.483014964808294,-0.483014964808294,-0.483014964808294,0.0,0.0,0.0,9.763628704958135
2024-04-28,10.246334520718987,6.456605367476654,15.441689259752886,9.283847530395759,11.190428973324776,0.6992095631427809,0.6992095631427809,0.6992095631427809,0.6992095631427809,0.6992095631427809,0.6992095631427809,0.0,0.0,0.0,10.945544083861767
2024-04-29,10.246025371671548,5.119813723294573,14.71554205189847,9.27086733216055,11.201898311270405,-0.30769815900506076,-0.30769815900506076,-0.30769815900506076,-0.30769815900506076,-0.30769815900506076,-0.30769815900506076,0.0,0.0,0.0,9.938327212666488
2024-04-30,10.245716222624106,5.776858940571614,15.234521096595413,9.258116385186767,11.225074600742172,0.22161700422086658,0.22161700422086658,0.22161700422086658,0.22161700422086658,0.22161700422086658,0.22161700422086658,0.0,0.0,0.0,10.467333226844973
2024-05-01,10.245407073576665,6.047585577105715,15.263861065351227,9.245060061269477,11.236013805646044,0.3888423386210373,0.3888423386210373,0.3888423386210373,0.3888423386210373,0.3888423386210373,0.3888423386210373,0.0,0.0,0.0,10.634249412197702
2024-05-02,10.245097924529224,5.9918042234438,15.109789167900866,9.226798653212711,11.244871383134432,0.48277370406775405,0.48277370406775405,0.48277370406775405,0.48277370406775405,0.48277370406775405,0.48277370406775405,0.0,0.0,0.0,10.727871628596978
2024-05-03,10.244788775481783,4.387890732495272,13.977370721609013,9.209861294825556,11.26343459220245,-1.0017294862376462,-1.0017294862376462,-1.0017294862376462,-1.0017294862376462,-1.0017294862376462,-1.0017294862376462,0.0,0.0,0.0,9.243059289244137
2024-05-04,10.244479626434341,4.654266052324744,14.484431282221825,9.1972193285586,11.280088007356815,-0.48301496480548195,-0.48301496480548195,-0.48301496480548195,-0.48301496480548195,-0.48301496480548195,-0.48301496480548195,0.0,0.0,0.0,9.761464661628859
2024-05-05,10.2441704773869,6.0828774679673945,15.165755647820495,9.1842125292281,11.285471231967552,0.6992095631433761,0.6992095631433761,0.6992095631433761,0.6992095631433761,0.6992095631433761,0.6992095631433761,0.0,0.0,0.0,10.943380040530275
2024-05-06,10.24386132833946,5.137702819203197,14.653568526256237,9.168417288463742,11.294712339116318,-0.3076981590047093,-0.3076981590047093,-0.3076981590047093,-0.3076981590047093,-0.3076981590047093,-0.3076981590047093,0.0,0.0,0.0,9.93616316933475
2024-05-07,10.243552179292019,5.77264823782727,15.079245704568581,9.146550571322225,11.307855502187673,0.22161700422127673,0.22161700422127673,0.22161700422127673,0.22161700422127673,0.22161700422127673,0.22161700422127673,0.0,0.0,0.0,10.465169183513295
2024-05-08,10.243243030244578,6.243942084099038,15.317703901023522,9.137854616150781,11.326024460418386,0.388842338621645,0.388842338621645,0.388842338621645,0.388842338621645,0.388842338621645,0.388842338621645,0.0,0.0,0.0,10.632085368866223
2024-05-09,10.242933881197137,5.8501207052301885,15.318927500609341,9.13087727607329,11.337138347925473,0.4827737040683003,0.4827737040683003,0.4827737040683003,0.4827737040683003,0.4827737040683003,0.4827737040683003,0.0,0.0,0.0,10.725707585265438
2024-05-10,10.242624732149695,4.531807604104515,13.899322088326898,9.12435489758599,11.348834845394116,-1.001729486239916,-1.001729486239916,-1.001729486239916,-1.001729486239916,-1.001729486239916,-1.001729486239916,0.0,0.0,0.0,9.24089524590978
2024-05-11,10.242315583102254,5.414079107212933,14.3422087760892,9.116306446156889,11.358647203338045,-0.4830149648100878,-0.4830149648100878,-0.4830149648100878,-0.4830149648100878,-0.4830149648100878,-0.4830149648100878,0.0,0.0,0.0,9.759300618292166
2024-05-12,10.242006434054813,6.5004777674672205,15.667178417423353,9.097984963982814,11.371568841038808,0.6992095631439711,0.6992095631439711,0.6992095631439711,0.6992095631439711,0.6992095631439711,0.6992095631439711,0.0,0.0,0.0,10.941215997198784
2024-05-13,10.241697285007373,4.984975191339453,14.24929689493321,9.089591682790385,11.383751102324403,-0.3076981590066795,-0.3076981590066795,-0.3076981590066795,-0.3076981590066795,-0.3076981590066795,-0.3076981590066795,0.0,0.0,0.0,9.933999126000693
2024-05-14,10.241388135959932,5.519895181438014,14.937449310889763,9.081538193383992,11.395500077022128,0.22161700422182953,0.22161700422182953,0.22161700422182953,0.22161700422182953,0.22161700422182953,0.22161700422182953,0.0,0.0,0.0,10.463005140181762
2024-05-15,10.241078986912491,5.641210206254371,15.354577481616055,9.074018271674426,11.407828996262646,0.3888423386212203,0.3888423386212203,0.3888423386212203,0.3888423386212203,0.3888423386212203,0.3888423386212203,0.0,0.0,0.0,10.629921325533711
2024-05-16,10.24076983786505,6.237343057681165,15.491583347708605,9.06625312866249,11.420157915503161,0.4827737040701921,0.4827737040701921,0.4827737040701921,0.4827737040701921,0.4827737040701921,0.4827737040701921,0.0,0.0,0.0,10.723543541935243
2024-05-17,10.240460688817608,4.21030743951267,13.874280749314371,9.04969446837949,11.432486834743676,-1.001729486242186,-1.001729486242186,-1.001729486242186,-1.001729486242186,-1.001729486242186,-1.001729486242186,0.0,0.0,0.0,9.238731202575423
2024-05-18,10.240151539770167,4.94190131651626,14.433033819489246,9.033764512709594,11.44649282530522,-0.4830149648072758,-0.4830149648072758,-0.4830149648072758,-0.4830149648072758,-0.4830149648072758,-0.4830149648072758,0.0,0.0,0.0,9.75713657496289
2024-05-19,10.239842390722727,6.391565897191351,15.703912278361365,9.0188262184269,11.463397711861445,0.6992095631445663,0.6992095631445663,0.6992095631445663,0.6992095631445663,0.6992095631445663,0.6992095631445663,0.0,0.0,0.0,10.939051953867292
2024-05-20,10.239533241675286,5.012015559867556,14.88484342089597,8.996387342100082,11.478522922252369,-0.307698159006328,-0.307698159006328,-0.307698159006328,-0.307698159006328,-0.307698159006328,-0.307698159006328,0.0,0.0,0.0,9.931835082668957
2024-05-21,10.239224092627843,5.693861196419183,15.267139493984589,8.983579041512606,11.494408702260982,0.2216170042222399,0.2216170042222399,0.2216170042222399,0.2216170042222399,0.2216170042222399,0.2216170042222399,0.0,0.0,0.0,10.460841096850084
2024-05-22,10.238914943580404,6.323786102907052,15.564670728762048,8.97319572246711,11.50673790039503,0.3888423386197754,0.3888423386197754,0.3888423386197754,0.3888423386197754,0.3888423386197754,0.3888423386197754,0.0,0.0,0.0,10.62775728220018
2024-05-23,10.238605794532962,6.262954367305036,15.528770524231268,8.958366728615658,11.519572963549788,0.4827737040707382,0.4827737040707382,0.4827737040707382,0.4827737040707382,0.4827737040707382,0.4827737040707382,0.0,0.0,0.0,10.7213794986037
2024-05-24,10.238296645485521,4.592602329687483,13.981187926107314,8.943821952677506,11.533491139559876,-1.001729486239559,-1.001729486239559,-1.001729486239559,-1.001729486239559,-1.001729486239559,-1.001729486239559,0.0,0.0,0.0,9.236567159245961
2024-05-25,10.23798749643808,4.878239263268346,14.41138891232382,8.929391734496926,11.548259293164286,-0.48301496480942374,-0.48301496480942374,-0.48301496480942374,-0.48301496480942374,-0.48301496480942374,-0.48301496480942374,0.0,0.0,0.0,9.754972531628656
2024-05-26,10.23767834739064,6.148812693502493,15.437279083094944,8.913390530721276,11.569371517053629,0.699209563144417,0.699209563144417,0.699209563144417,0.699209563144417,0.699209563144417,0.699209563144417,0.0,0.0,0.0,10.936887910535056
2024-05-27,10.237369198343197,5.213332755521455,14.841764346251246,8.897389326945627,11.589773060616736,-0.3076981590041352,-0.3076981590041352,-0.3076981590041352,-0.3076981590041352,-0.3076981590041352,-0.3076981590041352,0.0,0.0,0.0,9.929671039339063
2024-05-28,10.237060049295758,5.504182776754189,15.357172348266923,8.884942236414256,11.603145370536403,0.22161700422265027,0.22161700422265027,0.22161700422265027,0.22161700422265027,0.22161700422265027,0.22161700422265027,0.0,0.0,0.0,10.458677053518409
2024-05-29,10.236750900248316,5.832262296617006,15.13331307828089,8.868738653635463,11.612877872366678,0.3888423386193507,0.3888423386193507,0.3888423386193507,0.3888423386193507,0.3888423386193507,0.3888423386193507,0.0,0.0,0.0,10.625593238867665
2024-05-30,10.236441751200875,5.7115678930354035,15.344833970048128,8.853667453459133,11.622270197103227,0.48277370406935266,0.48277370406935266,0.48277370406935266,0.48277370406935266,0.48277370406935266,0.48277370406935266,0.0,0.0,0.0,10.719215455270227
2024-05-31,10.236132602153432,4.269132069313332,14.32797025885952,8.83871425354628,11.632725799596548,-1.0017294862418287,-1.0017294862418287,-1.0017294862418287,-1.0017294862418287,-1.0017294862418287,-1.0017294862418287,0.0,0.0,0.0,9.234403115911604
2024-06-01,10.235823453105994,4.98741809445563,14.265068600787782,8.822142385676429,11.642268326988534,-0.48301496480661166,-0.48301496480661166,-0.48301496480661166,-0.48301496480661166,-0.48301496480661166,-0.48301496480661166,0.0,0.0,0.0,9.752808488299381
2024-06-02,10.235514304058551,6.091485672531628,15.529186187690792,8.804914359871791,11.656860043406846,0.6992095631450121,0.6992095631450121,0.6992095631450121,0.6992095631450121,0.6992095631450121,0.6992095631450121,0.0,0.0,0.0,10.934723867203562
2024-06-03,10.23520515501111,5.143920667539248,14.724349833483421,8.78705156772923,11.676287215258391,-0.30769815900378367,-0.30769815900378367,-0.30769815900378367,-0.30769815900378367,-0.30769815900378367,-0.30769815900378367,0.0,0.0,0.0,9.927506996007327
2024-06-04,10.23489600596367,5.566129759268887,15.513336497303536,8.76802102225725,11.699174674473722,0.22161700422320302,0.22161700422320302,0.22161700422320302,0.22161700422320302,0.22161700422320302,0.22161700422320302,0.0,0.0,0.0,10.456513010186873
2024-06-05,10.234586856916229,5.815352582066634,15.653568696406744,8.74904081419713,11.72362571650926,0.38884233862099093,0.38884233862099093,0.38884233862099093,0.38884233862099093,0.38884233862099093,0.38884233862099093,0.0,0.0,0.0,10.62342919553722
2024-06-06,10.234277707868786,5.541509258857643,15.71036771573783,8.730596716299267,11.741398537712659,0.48277370406796705,0.48277370406796705,0.48277370406796705,0.48277370406796705,0.48277370406796705,0.48277370406796705,0.0,0.0,0.0,10.717051411936753
2024-06-07,10.233968558821347,4.376899850625907,14.197147984385243,8.712776343281465,11.757850591014813,-1.001729486239564,-1.001729486239564,-1.001729486239564,-1.001729486239564,-1.001729486239564,-1.001729486239564,0.0,0.0,0.0,9.232239072581784
2024-06-08,10.233659409773905,4.704948913989724,14.663300639258688,8.694955970263663,11.773819008836941,-0.4830149648037995,-0.4830149648037995,-0.4830149648037995,-0.4830149648037995,-0.4830149648037995,-0.4830149648037995,0.0,0.0,0.0,9.750644444970105
2024-06-09,10.233350260726464,6.100888904322759,15.62254012942546,8.67312126788884,11.790656088168225,0.6992095631435867,0.6992095631435867,0.6992095631435867,0.6992095631435867,0.6992095631435867,0.6992095631435867,0.0,0.0,0.0,10.93255982387005
2024-06-10,10.233041111679023,4.750244214520172,14.819483432888836,8.653771432037715,11.807321966965945,-0.307698159004593,-0.307698159004593,-0.307698159004593,-0.307698159004593,-0.307698159004593,-0.307698159004593,0.0,0.0,0.0,9.92534295267443
2024-06-11,10.232731962631583,5.665481143693237,15.41796234716186,8.6393370784284,11.820735542130492,0.22161700422361333,0.22161700422361333,0.22161700422361333,0.22161700422361333,0.22161700422361333,0.22161700422361333,0.0,0.0,0.0,10.454348966855196
2024-06-12,10.23242281358414,5.652509878531102,15.387912224176066,8.632631778680345,11.833803165796153,0.3888423386195462,0.3888423386195462,0.3888423386195462,0.3888423386195462,0.3888423386195462,0.3888423386195462,0.0,0.0,0.0,10.621265152203687
2024-06-13,10.232113664536701,5.673102259297844,15.898495219977828,8.622198069754985,11.846870789461816,0.4827737040665815,0.4827737040665815,0.4827737040665815,0.4827737040665815,0.4827737040665815,0.4827737040665815,0.0,0.0,0.0,10.714887368603282
2024-06-14,10.231804515489259,4.307016160247567,14.062086601457219,8.609592618107483,11.860380184289815,-1.0017294862418338,-1.0017294862418338,-1.0017294862418338,-1.0017294862418338,-1.0017294862418338,-1.0017294862418338,0.0,0.0,0.0,9.230075029247425
2024-06-15,10.231495366441818,4.6918215418010245,14.577542010943768,8.584668636141227,11.873293954084383,-0.4830149648059476,-0.4830149648059476,-0.4830149648059476,-0.4830149648059476,-0.4830149648059476,-0.4830149648059476,0.0,0.0,0.0,9.74848040163587
2024-06-16,10.231186217394376,5.998886310541311,15.4482570768112,8.577963119762758,11.886585498559342,0.6992095631462024,0.6992095631462024,0.6992095631462024,0.6992095631462024,0.6992095631462024,0.6992095631462024,0.0,0.0,0.0,10.930395780540579
2024-06-17,10.230877068346937,5.036713191112735,14.924890326983164,8.557975983841024,11.8998770430343,-0.30769815900540254,-0.30769815900540254,-0.30769815900540254,-0.30769815900540254,-0.30769815900540254,-0.30769815900540254,0.0,0.0,0.0,9.923178909341534
2024-06-18,10.230567919299494,5.668585263555046,14.923609176933732,8.549723653117198,11.915837561203016,0.22161700422153205,0.22161700422153205,0.22161700422153205,0.22161700422153205,0.22161700422153205,0.22161700422153205,0.0,0.0,0.0,10.452184923521026
2024-06-19,10.230258770252053,5.646654439592514,15.660551390789703,8.542509969129702,11.934181104326418,0.3888423386201539,0.3888423386201539,0.3888423386201539,0.3888423386201539,0.3888423386201539,0.3888423386201539,0.0,0.0,0.0,10.619101108872208
2024-06-20,10.229949621204613,6.192319958798273,15.619890198706289,8.53582628241675,11.949559946140436,0.4827737040671276,0.4827737040671276,0.4827737040671276,0.4827737040671276,0.4827737040671276,0.4827737040671276,0.0,0.0,0.0,10.71272332527174
2024-06-21,10.229640472157172,3.931749254848404,13.87907730369337,8.529139700167093,11.965289700239524,-1.0017294862416553,-1.0017294862416553,-1.0017294862416553,-1.0017294862416553,-1.0017294862416553,-1.0017294862416553,0.0,0.0,0.0,9.227910985915516
2024-06-22,10.22933132310973,4.698490612779303,14.84252408110957,8.51467653798515,11.988715974402952,-0.48301496480313544,-0.48301496480313544,-0.48301496480313544,-0.48301496480313544,-0.48301496480313544,-0.48301496480313544,0.0,0.0,0.0,9.746316358306593
2024-06-23,10.22902217406229,5.892634479711406,15.507727056741702,8.50030416719308,12.010633373360468,0.6992095631440327,0.6992095631440327,0.6992095631440327,0.6992095631440327,0.6992095631440327,0.6992095631440327,0.0,0.0,0.0,10.928231737206323
2024-06-24,10.228713025014848,4.929834788198552,14.724424804766395,8.492642266444225,12.031069132734663,-0.3076981590062119,-0.3076981590062119,-0.3076981590062119,-0.3076981590062119,-0.3076981590062119,-0.3076981590062119,0.0,0.0,0.0,9.921014866008637
2024-06-25,10.228403875967407,5.577310987787501,15.766327451948786,8.48228298165419,12.044086414615267,0.22161700422194242,0.22161700422194242,0.22161700422194242,0.22161700422194242,0.22161700422194242,0.22161700422194242,0.0,0.0,0.0,10.45002088018935
2024-06-26,10.228094726919966,5.348350686656617,15.637345130578147,8.468045524224381,12.060776867348443,0.3888423386197291,0.3888423386197291,0.3888423386197291,0.3888423386197291,0.3888423386197291,0.3888423386197291,0.0,0.0,0.0,10.616937065539696
2024-06-27,10.227785577872526,5.867606414454984,15.636661274683787,8.453395137836775,12.084241949716723,0.4827737040638103,0.4827737040638103,0.4827737040638103,0.4827737040638103,0.4827737040638103,0.4827737040638103,0.0,0.0,0.0,10.710559281936336
2024-06-28,10.227476428825083,4.179810711383752,14.196628029981397,8.43874475144917,12.107707032085004,-1.0017294862414767,-1.0017294862414767,-1.0017294862414767,-1.0017294862414767,-1.0017294862414767,-1.0017294862414767,0.0,0.0,0.0,9.225746942583607
2024-06-29,10.227167279777643,4.518092885785165,14.674826969910304,8.424381887803642,12.131172114453282,-0.4830149648102214,-0.4830149648102214,-0.4830149648102214,-0.4830149648102214,-0.4830149648102214,-0.4830149648102214,0.0,0.0,0.0,9.74415231496742
2024-06-30,10.226858130730202,6.340290939971774,15.88639231032467,8.408812425716732,12.154486997857807,0.6992095631446277,0.6992095631446277,0.6992095631446277,0.6992095631446277,0.6992095631446277,0.6992095631446277,0.0,0.0,0.0,10.92606769387483
2024-07-01,10.226548981682761,4.788577417104236,14.962185109224793,8.387009520715134,12.166816987363452,-0.30769815900586034,-0.30769815900586034,-0.30769815900586034,-0.30769815900586034,-0.30769815900586034,-0.30769815900586034,0.0,0.0,0.0,9.9188508226769
2024-07-02,10.22623983263532,5.643357035250851,15.555437181255211,8.37303292920769,12.174104437167882,0.22161700422242392,0.22161700422242392,0.22161700422242392,0.22161700422242392,0.22161700422242392,0.22161700422242392,0.0,0.0,0.0,10.447856836857744
2024-07-03,10.22593068358788,5.464626409981019,15.869214444423024,8.350156931838477,12.18139188697231,0.3888423386193043,0.3888423386193043,0.3888423386193043,0.3888423386193043,0.3888423386193043,0.3888423386193043,0.0,0.0,0.0,10.614773022207183
2024-07-04,10.225621534540437,5.796844230751143,15.79968455937106,8.346274331127816,12.1880609883517,0.48277370406956566,0.48277370406956566,0.48277370406956566,0.48277370406956566,0.48277370406956566,0.48277370406956566,0.0,0.0,0.0,10.708395238610002
2024-07-05,10.225312385492996,4.0255415987498635,13.928471806811237,8.327653936733876,12.194249412311692,-1.001729486241298,-1.001729486241298,-1.001729486241298,-1.001729486241298,-1.001729486241298,-1.001729486241298,0.0,0.0,0.0,9.2235828992517
2024-07-06,10.225003236445556,4.712205295724918,14.965328815551816,8.315354741962434,12.213820593947123,-0.48301496480740935,-0.48301496480740935,-0.48301496480740935,-0.48301496480740935,-0.48301496480740935,-0.48301496480740935,0.0,0.0,0.0,9.741988271638146
2024-07-07,10.224694087398115,6.151168727033565,16.212864110879732,8.307913108995693,12.236639257421043,0.6992095631432023,0.6992095631432023,0.6992095631432023,0.6992095631432023,0.6992095631432023,0.6992095631432023,0.0,0.0,0.0,10.923903650541318
2024-07-08,10.224384938350674,4.791043733585664,15.140415834060022,8.293853723796884,12.259518253796594,-0.3076981590078307,-0.3076981590078307,-0.3076981590078307,-0.3076981590078307,-0.3076981590078307,-0.3076981590078307,0.0,0.0,0.0,9.916686779342843
2024-07-09,10.224075789303233,5.221339911736405,15.547824887265408,8.279287998161855,12.281740957251557,0.22161700422041403,0.22161700422041403,0.22161700422041403,0.22161700422041403,0.22161700422041403,0.22161700422041403,0.0,0.0,0.0,10.445692793523648
2024-07-10,10.223766640255793,5.604973209883084,15.537854744666618,8.262751090257069,12.303963660706518,0.38884233862094464,0.38884233862094464,0.38884233862094464,0.38884233862094464,0.38884233862094464,0.38884233862094464,0.0,0.0,0.0,10.612608978876738
2024-07-11,10.22345749120835,5.830486721380091,15.660006220788853,8.242652352043876,12.318411028082997,0.48277370406818,0.48277370406818,0.48277370406818,0.48277370406818,0.48277370406818,0.48277370406818,0.0,0.0,0.0,10.70623119527653
2024-07-12,10.22314834216091,4.569556127572058,14.37485434001964,8.219097125034146,12.32837860328389,-1.001729486243568,-1.001729486243568,-1.001729486243568,-1.001729486243568,-1.001729486243568,-1.001729486243568,0.0,0.0,0.0,9.221418855917342
2024-07-13,10.222839193113469,4.800268325879149,14.87854423042695,8.198234185233126,12.338551731616473,-0.48301496480707723,-0.48301496480707723,-0.48301496480707723,-0.48301496480707723,-0.48301496480707723,-0.48301496480707723,0.0,0.0,0.0,9.739824228306391
2024-07-14,10.222530044066028,6.0318616218872965,15.957851917153961,8.177706589107059,12.354545679704062,0.6992095631417768,0.6992095631417768,0.6992095631417768,0.6992095631417768,0.6992095631417768,0.6992095631417768,0.0,0.0,0.0,10.921739607207805
2024-07-15,10.222220895018586,4.977011970459844,14.815440619794787,8.147003113434984,12.372789512751273,-0.30769815900447695,-0.30769815900447695,-0.30769815900447695,-0.30769815900447695,-0.30769815900447695,-0.30769815900447695,0.0,0.0,0.0,9.914522736014108
2024-07-16,10.221911745971147,5.250069963467644,15.895542967442914,8.13642584194298,12.39447448146355,0.22161700422089547,0.22161700422089547,0.22161700422089547,0.22161700422089547,0.22161700422089547,0.22161700422089547,0.0,0.0,0.0,10.443528750192042
2024-07-17,10.221602596923704,5.667133137838647,15.425422872253513,8.13009198691075,12.42431206066882,0.3888423386205197,0.3888423386205197,0.3888423386205197,0.3888423386205197,0.3888423386205197,0.3888423386205197,0.0,0.0,0.0,10.610444935544225
2024-07-18,10.221293447876263,5.440608328661923,15.444366675341806,8.12170947507266,12.45222590090968,0.4827737040687262,0.4827737040687262,0.4827737040687262,0.4827737040687262,0.4827737040687262,0.4827737040687262,0.0,0.0,0.0,10.70406715194499
2024-07-19,10.220984298828823,4.246797051872271,14.665921733380287,8.106802099733201,12.468679739076657,-1.001729486240941,-1.001729486240941,-1.001729486240941,-1.001729486240941,-1.001729486240941,-1.001729486240941,0.0,0.0,0.0,9.21925481258788
2024-07-20,10.220675149781382,4.762273417126429,15.039512286681527,8.092482291723487,12.483498733287448,-0.4830149648116831,-0.4830149648116831,-0.4830149648116831,-0.4830149648116831,-0.4830149648116831,-0.4830149648116831,0.0,0.0,0.0,9.737660184969698
2024-07-21,10.22036600073394,5.937189254920434,15.889127307229568,8.07859641427626,12.495210093502054,0.6992095631443926,0.6992095631443926,0.6992095631443926,0.6992095631443926,0.6992095631443926,0.6992095631443926,0.0,0.0,0.0,10.919575563878333
2024-07-22,10.2200568516865,4.690066686904687,15.066089061235498,8.059281038538902,12.503822493689682,-0.3076981590052863,-0.3076981590052863,-0.3076981590052863,-0.3076981590052863,-0.3076981590052863,-0.3076981590052863,0.0,0.0,0.0,9.912358692681215
2024-07-23,10.219747702639058,5.366653040462084,15.4896518813613,8.041660524771803,12.512434893877305,0.22161700422130584,0.22161700422130584,0.22161700422130584,0.22161700422130584,0.22161700422130584,0.22161700422130584,0.0,0.0,0.0,10.441364706860364
2024-07-24,10.219438553591617,5.578921420749535,15.817714031955843,8.018808049232861,12.533811704391574,0.38884233862112744,0.38884233862112744,0.38884233862112744,0.38884233862112744,0.38884233862112744,0.38884233862112744,0.0,0.0,0.0,10.608280892212745
2024-07-25,10.219129404544175,5.495162223632611,16.208510960851196,8.00234473898844,12.559363198034067,0.4827737040692722,0.4827737040692722,0.4827737040692722,0.4827737040692722,0.4827737040692722,0.4827737040692722,0.0,0.0,0.0,10.701903108613447
2024-07-26,10.218820255496736,4.095735542301358,14.336318514618458,7.969264303676371,12.576663687341998,-1.0017294862411248,-1.0017294862411248,-1.0017294862411248,-1.0017294862411248,-1.0017294862411248,-1.0017294862411248,0.0,0.0,0.0,9.217090769255611
2024-07-27,10.218511106449293,4.748039535946514,14.686562281318178,7.942231935082927,12.592089965665616,-0.4830149648113512,-0.4830149648113512,-0.4830149648113512,-0.4830149648113512,-0.4830149648113512,-0.4830149648113512,0.0,0.0,0.0,9.735496141637942
2024-07-28,10.218201957401853,6.010427899163196,15.830583434457031,7.922408058747095,12.608762678500286,0.699209563142967,0.699209563142967,0.699209563142967,0.699209563142967,0.699209563142967,0.699209563142967,0.0,0.0,0.0,10.91741152054482
2024-07-29,10.217892808354412,4.6513821859776305,15.120397475403333,7.9101200571262025,12.628363581436401,-0.30769815900493486,-0.30769815900493486,-0.30769815900493486,-0.30769815900493486,-0.30769815900493486,-0.30769815900493486,0.0,0.0,0.0,9.910194649349476
2024-07-30,10.217583659306971,5.411550012911789,15.560467632407306,7.880905434751913,12.648484942512246,0.22161700422178732,0.22161700422178732,0.22161700422178732,0.22161700422178732,0.22161700422178732,0.22161700422178732,0.0,0.0,0.0,10.439200663528759
2024-07-31,10.217274510259529,5.423424655324392,15.463494659108134,7.849456816190378,12.666266936852576,0.38884233861968265,0.38884233861968265,0.38884233861968265,0.38884233861968265,0.38884233861968265,0.38884233861968265,0.0,0.0,0.0,10.60611684887921
2024-08-01,10.21696536121209,5.702835600735432,16.283790261853134,7.8334220037415,12.680330851014913,0.48277370406595493,0.48277370406595493,0.48277370406595493,0.48277370406595493,0.48277370406595493,0.48277370406595493,0.0,0.0,0.0,10.699739065278045
2024-08-02,10.216656212164647,4.060820382966741,14.122892391469579,7.817064531779657,12.694394765177249,-1.0017294862384978,-1.0017294862384978,-1.0017294862384978,-1.0017294862384978,-1.0017294862384978,-1.0017294862384978,0.0,0.0,0.0,9.21492672592615
2024-08-03,10.216347063117206,4.519730759056382,14.400749552839969,7.801687578543564,12.710423881151469,-0.48301496480853906,-0.48301496480853906,-0.48301496480853906,-0.48301496480853906,-0.48301496480853906,-0.48301496480853906,0.0,0.0,0.0,9.733332098308667
2024-08-04,10.216037914069766,5.624320269158298,16.21905412222293,7.794378997872321,12.739318507958146,0.6992095631435622,0.6992095631435622,0.6992095631435622,0.6992095631435622,0.6992095631435622,0.6992095631435622,0.0,0.0,0.0,10.915247477213327
2024-08-05,10.215728765022325,4.570651736699636,14.988789881754304,7.780926306034142,12.76695593756052,-0.3076981590045833,-0.3076981590045833,-0.3076981590045833,-0.3076981590045833,-0.3076981590045833,-0.3076981590045833,0.0,0.0,0.0,9.908030606017741
2024-08-06,10.215419615974882,5.2310342578246996,16.021749907782876,7.760241333503558,12.78260315499281,0.22161700422219768,0.22161700422219768,0.22161700422219768,0.22161700422219768,0.22161700422219768,0.22161700422219768,0.0,0.0,0.0,10.43703662019708
2024-08-07,10.215110466927442,5.423087020901224,16.03087470502959,7.736535856349768,12.79383619531214,0.38884233862029033,0.38884233862029033,0.38884233862029033,0.38884233862029033,0.38884233862029033,0.38884233862029033,0.0,0.0,0.0,10.603952805547731
2024-08-08,10.214801317880001,5.2922029960896255,15.792688188984146,7.7118429052662165,12.802204394282265,0.4827737040665011,0.4827737040665011,0.4827737040665011,0.4827737040665011,0.4827737040665011,0.4827737040665011,0.0,0.0,0.0,10.697575021946502
2024-08-09,10.21449216883256,4.3587004760095365,14.668978732263426,7.687149954182666,12.823920432662547,-1.0017294862407675,-1.0017294862407675,-1.0017294862407675,-1.0017294862407675,-1.0017294862407675,-1.0017294862407675,0.0,0.0,0.0,9.212762682591793
2024-08-10,10.214183019785118,4.439673159965314,14.450464983091138,7.662453059819996,12.845349938746276,-0.48301496480820705,-0.48301496480820705,-0.48301496480820705,-0.48301496480820705,-0.48301496480820705,-0.48301496480820705,0.0,0.0,0.0,9.73116805497691
2024-08-11,10.213873870737679,5.908072954637974,16.437884080676685,7.637752222178208,12.862644132490585,0.699209563143413,0.699209563143413,0.699209563143413,0.699209563143413,0.699209563143413,0.699209563143413,0.0,0.0,0.0,10.913083433881091
2024-08-12,10.213564721690236,4.928508836456734,15.597737636909217,7.613051384536419,12.886649373940303,-0.30769815900471226,-0.30769815900471226,-0.30769815900471226,-0.30769815900471226,-0.30769815900471226,-0.30769815900471226,0.0,0.0,0.0,9.905866562685524
2024-08-13,10.213255572642796,5.001314211732237,15.773344757217025,7.593492507186832,12.910593662126578,0.22161700422275044,0.22161700422275044,0.22161700422275044,0.22161700422275044,0.22161700422275044,0.22161700422275044,0.0,0.0,0.0,10.434872576865546
2024-08-14,10.212946423595355,5.115343188310355,16.146816052677956,7.582485686518182,12.934330049780398,0.38884233861986556,0.38884233861986556,0.38884233861986556,0.38884233861986556,0.38884233861986556,0.38884233861986556,0.0,0.0,0.0,10.60178876221522
2024-08-15,10.212637274547914,5.6062585932650455,15.64150830545308,7.558603478013348,12.955335407927832,0.4827737040651155,0.4827737040651155,0.4827737040651155,0.4827737040651155,0.4827737040651155,0.4827737040651155,0.0,0.0,0.0,10.69541097861303
2024-08-16,10.212328125500472,3.8373834753128118,14.5988929844583,7.534721269508514,12.973368542164168,-1.001729486238503,-1.001729486238503,-1.001729486238503,-1.001729486238503,-1.001729486238503,-1.001729486238503,0.0,0.0,0.0,9.210598639261969
2024-08-17,10.212018976453033,4.658514868295538,15.527848634752,7.512494916649889,13.001064553496642,-0.48301496480539496,-0.48301496480539496,-0.48301496480539496,-0.48301496480539496,-0.48301496480539496,-0.48301496480539496,0.0,0.0,0.0,9.729004011647637
2024-08-18,10.21170982740559,5.509547313002758,16.160557610300017,7.491476125202395,13.028760564829112,0.6992095631440081,0.6992095631440081,0.6992095631440081,0.6992095631440081,0.6992095631440081,0.6992095631440081,0.0,0.0,0.0,10.910919390549598
2024-08-19,10.21140067835815,4.551096966553306,15.043911127119877,7.471496599789826,13.042733305658555,-0.30769815900552155,-0.30769815900552155,-0.30769815900552155,-0.30769815900552155,-0.30769815900552155,-0.30769815900552155,0.0,0.0,0.0,9.903702519352628
2024-08-20,10.211091529310709,5.02330252701072,15.697212069255162,7.457794112604118,13.063730963951748,0.22161700422316075,0.22161700422316075,0.22161700422316075,0.22161700422316075,0.22161700422316075,0.22161700422316075,0.0,0.0,0.0,10.43270853353387
2024-08-21,10.210782380263268,5.209070426964862,15.862610321145727,7.445798143280587,13.077948103402056,0.38884233862047335,0.38884233862047335,0.38884233862047335,0.38884233862047335,0.38884233862047335,0.38884233862047335,0.0,0.0,0.0,10.599624718883742
2024-08-22,10.210473231215826,5.540034061684591,16.333665589024267,7.435499815517285,13.09462343489739,0.48277370406893916,0.48277370406893916,0.48277370406893916,0.48277370406893916,0.48277370406893916,0.48277370406893916,0.0,0.0,0.0,10.693246935284765
2024-08-23,10.210164082168385,4.00919080692252,14.460611074303797,7.425087120227472,13.12022645838671,-1.0017294862383244,-1.0017294862383244,-1.0017294862383244,-1.0017294862383244,-1.0017294862383244,-1.0017294862383244,0.0,0.0,0.0,9.208434595930061
2024-08-24,10.209854933120944,4.529548052933252,15.315450242902612,7.414776541110022,13.145829481876035,-0.4830149648075429,-0.4830149648075429,-0.4830149648075429,-0.4830149648075429,-0.4830149648075429,-0.4830149648075429,0.0,0.0,0.0,9.726839968313401
2024-08-25,10.209545784073503,5.509539695789537,16.268110736168257,7.404465961992571,13.171432505365358,0.6992095631425825,0.6992095631425825,0.6992095631425825,0.6992095631425825,0.6992095631425825,0.6992095631425825,0.0,0.0,0.0,10.908755347216086
2024-08-26,10.209236635026063,4.47363342063363,15.663077622974587,7.394155382875121,13.198173781913628,-0.3076981590051701,-0.3076981590051701,-0.3076981590051701,-0.3076981590051701,-0.3076981590051701,-0.3076981590051701,0.0,0.0,0.0,9.901538476020892
2024-08-27,10.208927485978622,4.90480311073551,16.757074097749385,7.372143288113167,13.223870357741534,0.22161700422107955,0.22161700422107955,0.22161700422107955,0.22161700422107955,0.22161700422107955,0.22161700422107955,0.0,0.0,0.0,10.4305444901997
2024-08-28,10.20861833693118,5.089556591820257,15.658392171489057,7.349014270026771,13.248897780961464,0.3888423386200486,0.3888423386200486,0.3888423386200486,0.3888423386200486,0.3888423386200486,0.3888423386200486,0.0,0.0,0.0,10.597460675551227
2024-08-29,10.208309187883739,5.245900279067484,16.26666913283723,7.331553465291819,13.270962803753553,0.48277370406755354,0.48277370406755354,0.48277370406755354,0.48277370406755354,0.48277370406755354,0.48277370406755354,0.0,0.0,0.0,10.691082891951293
2024-08-30,10.208000038836298,3.9725138918257334,14.885470010532266,7.308394060396836,13.292125723273495,-1.0017294862381458,-1.0017294862381458,-1.0017294862381458,-1.0017294862381458,-1.0017294862381458,-1.0017294862381458,0.0,0.0,0.0,9.206270552598152
2024-08-31,10.207690889788857,4.59587759867774,15.317215557122196,7.285234655501852,13.314190128133628,-0.4830149648047309,-0.4830149648047309,-0.4830149648047309,-0.4830149648047309,-0.4830149648047309,-0.4830149648047309,0.0,0.0,0.0,9.724675924984126
2024-09-01,10.207381740741416,5.347533689372096,15.963038556889556,7.262075250606868,13.327725318935803,0.6992095631431777,0.6992095631431777,0.6992095631431777,0.6992095631431777,0.6992095631431777,0.6992095631431777,0.0,0.0,0.0,10.906591303884595
2024-09-02,10.207072591693976,4.7049695337998605,15.400751509406719,7.238915845711886,13.34358034473839,-0.30769815900481867,-0.30769815900481867,-0.30769815900481867,-0.30769815900481867,-0.30769815900481867,-0.30769815900481867,0.0,0.0,0.0,9.899374432689157
2024-09-03,10.206763442646535,4.836755114584803,15.834676916491585,7.216668048683174,13.35403138582324,0.2216170042215611,0.2216170042215611,0.2216170042215611,0.2216170042215611,0.2216170042215611,0.2216170042215611,0.0,0.0,0.0,10.428380446868097
2024-09-04,10.206454293599093,4.997933746290081,16.19199860462077,7.194972211590798,13.369114642181458,0.38884233862168877,0.38884233862168877,0.38884233862168877,0.38884233862168877,0.38884233862168877,0.38884233862168877,0.0,0.0,0.0,10.595296632220782
2024-09-05,10.206145144551652,5.230309944405329,16.046422033625724,7.173725402031946,13.39265711830671,0.4827737040661679,0.4827737040661679,0.4827737040661679,0.4827737040661679,0.4827737040661679,0.4827737040661679,0.0,0.0,0.0,10.688918848617819
2024-09-06,10.205835995504211,3.888451785814607,14.518785501707953,7.1611854759605365,13.406789913057397,-1.0017294862404156,-1.0017294862404156,-1.0017294862404156,-1.0017294862404156,-1.0017294862404156,-1.0017294862404156,0.0,0.0,0.0,9.204106509263795
2024-09-07,10.20552684645677,4.578556667267584,15.039438189402121,7.144073788895417,13.41874173072526,-0.48301496480933676,-0.48301496480933676,-0.48301496480933676,-0.48301496480933676,-0.48301496480933676,-0.48301496480933676,0.0,0.0,0.0,9.722511881647433
2024-09-08,10.205217697409328,5.2534813372857085,16.524988557363397,7.132194171302538,13.43069354839312,0.6992095631430284,0.6992095631430284,0.6992095631430284,0.6992095631430284,0.6992095631430284,0.6992095631430284,0.0,0.0,0.0,10.904427260552357
2024-09-09,10.204908548361889,4.1936676446051555,15.462713367064724,7.108063408365736,13.442645366060983,-0.3076981590056281,-0.3076981590056281,-0.3076981590056281,-0.3076981590056281,-0.3076981590056281,-0.3076981590056281,0.0,0.0,0.0,9.89721038935626
2024-09-10,10.204599399314446,5.138559626954442,15.723256623409927,7.080647044175257,13.473704850959576,0.22161700422204259,0.22161700422204259,0.22161700422204259,0.22161700422204259,0.22161700422204259,0.22161700422204259,0.0,0.0,0.0,10.42621640353649
2024-09-11,10.204290250267006,4.809005409314099,16.578780582898244,7.051429293467581,13.48886927078988,0.388842338621264,0.388842338621264,0.388842338621264,0.388842338621264,0.388842338621264,0.388842338621264,0.0,0.0,0.0,10.59313258888827
2024-09-12,10.203981101219565,5.071049805119073,16.06730998194483,7.022863466509631,13.490809466113086,0.4827737040699916,0.4827737040699916,0.4827737040699916,0.4827737040699916,0.4827737040699916,0.4827737040699916,0.0,0.0,0.0,10.686754805289556
2024-09-13,10.203671952172124,3.717700218118319,14.851520851645477,7.0009772904689465,13.49274966143629,-1.0017294862426855,-1.0017294862426855,-1.0017294862426855,-1.0017294862426855,-1.0017294862426855,-1.0017294862426855,0.0,0.0,0.0,9.201942465929438
2024-09-14,10.203362803124682,4.105620753378642,15.285821076249771,6.985394747704088,13.505322883513955,-0.4830149648090047,-0.4830149648090047,-0.4830149648090047,-0.4830149648090047,-0.4830149648090047,-0.4830149648090047,0.0,0.0,0.0,9.720347838315677
2024-09-15,10.203053654077243,5.4751096979296054,16.712457203838035,6.967898607322612,13.521347927378738,0.6992095631456442,0.6992095631456442,0.6992095631456442,0.6992095631456442,0.6992095631456442,0.6992095631456442,0.0,0.0,0.0,10.902263217222886
2024-09-16,10.2027445050298,4.150524620697301,15.664799054789329,6.950407575393873,13.52937751727275,-0.30769815900643743,-0.30769815900643743,-0.30769815900643743,-0.30769815900643743,-0.30769815900643743,-0.30769815900643743,0.0,0.0,0.0,9.895046346023364
2024-09-17,10.20243535598236,4.683572326390487,16.032312330642895,6.932916543465135,13.544195522752362,0.22161700422245295,0.22161700422245295,0.22161700422245295,0.22161700422245295,0.22161700422245295,0.22161700422245295,0.0,0.0,0.0,10.424052360204813
2024-09-18,10.202126206934917,5.14531588441431,16.008629391988595,6.917308250796633,13.566875222399874,0.38884233861981915,0.38884233861981915,0.38884233861981915,0.38884233861981915,0.38884233861981915,0.38884233861981915,0.0,0.0,0.0,10.590968545554736
2024-09-19,10.201817057887478,5.213534676216804,16.504865582204307,6.897178019049878,13.58931255459248,0.48277370407053777,0.48277370407053777,0.48277370407053777,0.48277370407053777,0.48277370407053777,0.48277370407053777,0.0,0.0,0.0,10.684590761958017
2024-09-20,10.201507908840036,3.1772881638497212,15.107063583887497,6.878488349712393,13.610525903946545,-1.001729486242507,-1.001729486242507,-1.001729486242507,-1.001729486242507,-1.001729486242507,-1.001729486242507,0.0,0.0,0.0,9.199778422597529
2024-09-21,10.201198759792595,4.2242747641622636,15.114760149097304,6.859798680374909,13.63173925330061,-0.4830149648086727,-0.4830149648086727,-0.4830149648086727,-0.4830149648086727,-0.4830149648086727,-0.4830149648086727,0.0,0.0,0.0,9.718183794983922
2024-09-22,10.200889610745154,5.005486765213478,16.80690435855457,6.841109011037426,13.644383158590022,0.6992095631442188,0.6992095631442188,0.6992095631442188,0.6992095631442188,0.6992095631442188,0.6992095631442188,0.0,0.0,0.0,10.900099173889373
2024-09-23,10.200580461697713,4.09060763668897,15.722339991457215,6.822419341699943,13.669487240353087,-0.3076981590042445,-0.3076981590042445,-0.3076981590042445,-0.3076981590042445,-0.3076981590042445,-0.3076981590042445,0.0,0.0,0.0,9.892882302693469
2024-09-24,10.20027131265027,4.7210445119813285,16.315577167737434,6.797791850008647,13.690732391340433,0.22161700422286332,0.22161700422286332,0.22161700422286332,0.22161700422286332,0.22161700422286332,0.22161700422286332,0.0,0.0,0.0,10.421888316873135
2024-09-25,10.199962163602832,4.830048372133163,16.52440124290497,6.770367893719833,13.709269111432974,0.388842338620427,0.388842338620427,0.388842338620427,0.388842338620427,0.388842338620427,0.388842338620427,0.0,0.0,0.0,10.588804502223258
2024-09-26,10.19965301455539,5.017350615414168,16.30506800458881,6.7434388642389465,13.73545899860654,0.48277370406722037,0.48277370406722037,0.48277370406722037,0.48277370406722037,0.48277370406722037,0.48277370406722037,0.0,0.0,0.0,10.68242671862261
2024-09-27,10.199343865507949,3.4307895195212224,14.91392146561369,6.71670302896647,13.757906930751929,-1.0017294862423283,-1.0017294862423283,-1.0017294862423283,-1.0017294862423283,-1.0017294862423283,-1.0017294862423283,0.0,0.0,0.0,9.19761437926562
2024-09-28,10.199034716460508,4.0883219783456415,15.566810841140628,6.697406185091995,13.785926923552577,-0.4830149648058606,-0.4830149648058606,-0.4830149648058606,-0.4830149648058606,-0.4830149648058606,-0.4830149648058606,0.0,0.0,0.0,9.716019751654647
2024-09-29,10.198725567413067,5.341760489173159,16.600346625461484,6.69503635785346,13.81415685432714,0.699209563144814,0.699209563144814,0.699209563144814,0.699209563144814,0.699209563144814,0.699209563144814,0.0,0.0,0.0,10.897935130557881
2024-09-30,10.198416418365625,4.031044076865667,15.704724031990875,6.693113943244289,13.83525299911271,-0.30769815900389313,-0.30769815900389313,-0.30769815900389313,-0.30769815900389313,-0.30769815900389313,-0.30769815900389313,0.0,0.0,0.0,9.890718259361732
2024-10-01,10.198107269318186,5.080333595783874,16.46839832014916,6.685950684397403,13.861644646600482,0.2216170042233448,0.2216170042233448,0.2216170042233448,0.2216170042233448,0.2216170042233448,0.2216170042233448,0.0,0.0,0.0,10.419724273541531
2024-10-02,10.197798120270743,4.863080733459637,16.46527687439847,6.663403736343712,13.887953165097352,0.3888423386210346,0.3888423386210346,0.3888423386210346,0.3888423386210346,0.3888423386210346,0.3888423386210346,0.0,0.0,0.0,10.586640458891777
2024-10-03,10.197488971223303,5.073020455766084,16.409737116113167,6.641468477967839,13.912596621306081,0.4827737040677665,0.4827737040677665,0.4827737040677665,0.4827737040677665,0.4827737040677665,0.4827737040677665,0.0,0.0,0.0,10.680262675291068
2024-10-04,10.19717982217586,3.052423374822533,15.321093243341622,6.6176787638323065,13.9372433028785,-1.0017294862400636,-1.0017294862400636,-1.0017294862400636,-1.0017294862400636,-1.0017294862400636,-1.0017294862400636,0.0,0.0,0.0,9.195450335935796
2024-10-05,10.196870673128421,4.1899451920708985,15.678526711967299,6.582990737664326,13.961627971672185,-0.4830149648030485,-0.4830149648030485,-0.4830149648030485,-0.4830149648030485,-0.4830149648030485,-0.4830149648030485,0.0,0.0,0.0,9.713855708325372
2024-10-06,10.196561524080979,5.04071558409039,16.945256923989028,6.56176367260057,13.978210846767107,0.6992095631433883,0.6992095631433883,0.6992095631433883,0.6992095631433883,0.6992095631433883,0.6992095631433883,0.0,0.0,0.0,10.895771087224366
2024-10-07,10.196252375033538,4.2753361190886645,15.953437415412518,6.542420756259361,13.990451375671364,-0.3076981590058634,-0.3076981590058634,-0.3076981590058634,-0.3076981590058634,-0.3076981590058634,-0.3076981590058634,0.0,0.0,0.0,9.888554216027675
2024-10-08,10.195943225986097,4.308905044988354,16.418487106334297,6.518634048351839,14.002691904575622,0.22161700422382635,0.22161700422382635,0.22161700422382635,0.22161700422382635,0.22161700422382635,0.22161700422382635,0.0,0.0,0.0,10.417560230209924
2024-10-09,10.195634076938656,4.8405065350035725,16.36151147608848,6.494886444672447,14.014932433479881,0.3888423386195899,0.3888423386195899,0.3888423386195899,0.3888423386195899,0.3888423386195899,0.3888423386195899,0.0,0.0,0.0,10.584476415558246
2024-10-10,10.195324927891214,4.8179697944627184,16.759314016915816,6.472028563888988,14.027172962384137,0.48277370406638087,0.48277370406638087,0.48277370406638087,0.48277370406638087,0.48277370406638087,0.48277370406638087,0.0,0.0,0.0,10.678098631957594
2024-10-11,10.195015778843775,3.422660048740367,15.288851650674848,6.457817735816238,14.039413491288398,-1.0017294862423334,-1.0017294862423334,-1.0017294862423334,-1.0017294862423334,-1.0017294862423334,-1.0017294862423334,0.0,0.0,0.0,9.193286292601442
2024-10-12,10.194706629796332,4.148109609511642,15.568241853593818,6.444797786927066,14.057104668825568,-0.48301496481013445,-0.48301496481013445,-0.48301496481013445,-0.48301496481013445,-0.48301496481013445,-0.48301496481013445,0.0,0.0,0.0,9.711691664986198
2024-10-13,10.194397480748892,4.756282400950537,17.049014519665388,6.427803896961347,14.084509742932667,0.6992095631439835,0.6992095631439835,0.6992095631439835,0.6992095631439835,0.6992095631439835,0.6992095631439835,0.0,0.0,0.0,10.893607043892874
2024-10-14,10.194088331701451,3.62436580601226,15.604784103056351,6.412577300622738,14.111921498931592,-0.30769815900551184,-0.30769815900551184,-0.30769815900551184,-0.30769815900551184,-0.30769815900551184,-0.30769815900551184,0.0,0.0,0.0,9.88639017269594
2024-10-15,10.19377918265401,4.230685081227795,16.78083848949964,6.3773334751856465,14.138205813154372,0.22161700422174516,0.22161700422174516,0.22161700422174516,0.22161700422174516,0.22161700422174516,0.22161700422174516,0.0,0.0,0.0,10.415396186875755
2024-10-16,10.193470033606568,4.836385480752036,16.490858457492855,6.35701394989358,14.16466138479105,0.3888423386201975,0.3888423386201975,0.3888423386201975,0.3888423386201975,0.3888423386201975,0.3888423386201975,0.0,0.0,0.0,10.582312372226765
2024-10-17,10.193160884559127,4.635432906167398,16.50442231498416,6.317507843824815,14.19111695642773,0.48277370406692705,0.48277370406692705,0.48277370406692705,0.48277370406692705,0.48277370406692705,0.48277370406692705,0.0,0.0,0.0,10.675934588626054
2024-10-18,10.192851735511686,3.364403515641749,15.14613199160545,6.27804026499912,14.217572528064414,-1.0017294862397066,-1.0017294862397066,-1.0017294862397066,-1.0017294862397066,-1.0017294862397066,-1.0017294862397066,0.0,0.0,0.0,9.191122249271979
2024-10-19,10.192542586464246,3.504882928738022,15.737686692490975,6.237664905304439,14.243762463222437,-0.4830149648122824,-0.4830149648122824,-0.4830149648122824,-0.4830149648122824,-0.4830149648122824,-0.4830149648122824,0.0,0.0,0.0,9.709527621651963
2024-10-20,10.192233437416805,5.1029680007960145,17.182996456152534,6.19734991484085,14.26896226289684,0.6992095631438343,0.6992095631438343,0.6992095631438343,0.6992095631438343,0.6992095631438343,0.6992095631438343,0.0,0.0,0.0,10.891443000560638
2024-10-21,10.191924288369364,4.054164675411266,16.020766190888192,6.161139135372566,14.29589577434234,-0.3076981590063213,-0.3076981590063213,-0.3076981590063213,-0.3076981590063213,-0.3076981590063213,-0.3076981590063213,0.0,0.0,0.0,9.884226129363043
2024-10-22,10.191615139321922,4.104446745369962,16.709372775530497,6.139984116180949,14.323394814611135,0.22161700422222674,0.22161700422222674,0.22161700422222674,0.22161700422222674,0.22161700422222674,0.22161700422222674,0.0,0.0,0.0,10.413232143544148
2024-10-23,10.191305990274481,4.108864080639415,16.36635881519406,6.118829096989332,14.349850386247814,0.38884233861977274,0.38884233861977274,0.38884233861977274,0.38884233861977274,0.38884233861977274,0.38884233861977274,0.0,0.0,0.0,10.580148328894253
2024-10-24,10.19099684122704,4.575926155039908,16.975496916765735,6.097674077797717,14.376305957884496,0.48277370406554143,0.48277370406554143,0.48277370406554143,0.48277370406554143,0.48277370406554143,0.48277370406554143,0.0,0.0,0.0,10.673770545292582
2024-10-25,10.1906876921796,2.9665200608275315,14.704624289235191,6.076675289102501,14.404099641438583,-1.001729486241976,-1.001729486241976,-1.001729486241976,-1.001729486241976,-1.001729486241976,-1.001729486241976,0.0,0.0,0.0,9.188958205937624
2024-10-26,10.190378543132159,3.865716324197417,15.818227580487834,6.056973061264627,14.432307078905426,-0.4830149648094703,-0.4830149648094703,-0.4830149648094703,-0.4830149648094703,-0.4830149648094703,-0.4830149648094703,0.0,0.0,0.0,9.707363578322688
2024-10-27,10.190069394084718,4.887769135817263,17.308048300285744,6.037270833426755,14.459525773450245,0.6992095631444294,0.6992095631444294,0.6992095631444294,0.6992095631444294,0.6992095631444294,0.6992095631444294,0.0,0.0,0.0,10.889278957229147
2024-10-28,10.189760245037276,4.094027517206134,16.156584346056515,6.01756860558888,14.48278937102091,-0.30769815900596975,-0.30769815900596975,-0.30769815900596975,-0.30769815900596975,-0.30769815900596975,-0.30769815900596975,0.0,0.0,0.0,9.882062086031306
2024-10-29,10.189451095989835,4.469172828584655,17.066021999016282,5.9959497144610285,14.49573276047766,0.22161700422270814,0.22161700422270814,0.22161700422270814,0.22161700422270814,0.22161700422270814,0.22161700422270814,0.0,0.0,0.0,10.411068100212542
2024-10-30,10.189141946942394,4.328422182289648,16.677661792575613,5.9632461829310985,14.50891904078234,0.38884233862141293,0.38884233862141293,0.38884233862141293,0.38884233862141293,0.38884233862141293,0.38884233862141293,0.0,0.0,0.0,10.577984285563806
2024-10-31,10.188832797894953,3.9155374352344596,16.714976339314397,5.939587019904349,14.536106763438152,0.4827737040693651,0.4827737040693651,0.4827737040693651,0.4827737040693651,0.4827737040693651,0.4827737040693651,0.0,0.0,0.0,10.671606501964318
2024-11-01,10.188523648847513,3.128546096128022,15.131995436153769,5.92325840394478,14.575033479191317,-1.0017294862417976,-1.0017294862417976,-1.0017294862417976,-1.0017294862417976,-1.0017294862417976,-1.0017294862417976,0.0,0.0,0.0,9.186794162605715
2024-11-02,10.18821449980007,3.108035371143458,15.929900739880617,5.9027043955232745,14.610345166587283,-0.4830149648066583,-0.4830149648066583,-0.4830149648066583,-0.4830149648066583,-0.4830149648066583,-0.4830149648066583,0.0,0.0,0.0,9.705199534993412
2024-11-03,10.187905350752631,4.564237576184762,17.369040552793447,5.885843710917631,14.616127289403789,0.6992095631430039,0.6992095631430039,0.6992095631430039,0.6992095631430039,0.6992095631430039,0.6992095631430039,0.0,0.0,0.0,10.887114913895635
2024-11-04,10.187596201705189,3.5586887766921604,15.8065476467325,5.87026137009495,14.62840353509668,-0.30769815900677916,-0.30769815900677916,-0.30769815900677916,-0.30769815900677916,-0.30769815900677916,-0.30769815900677916,0.0,0.0,0.0,9.879898042698409
2024-11-05,10.187287052657748,4.406746736069577,16.60880447489868,5.857590801660632,14.653359132314462,0.22161700422055577,0.22161700422055577,0.22161700422055577,0.22161700422055577,0.22161700422055577,0.22161700422055577,0.0,0.0,0.0,10.408904056878304
2024-11-06,10.186977903610307,4.1213722874683,17.188125879322104,5.839910250854788,14.671229233266532,0.38884233862098827,0.38884233862098827,0.38884233862098827,0.38884233862098827,0.38884233862098827,0.38884233862098827,0.0,0.0,0.0,10.575820242231295
2024-11-07,10.186668754562866,4.448860433130943,16.947187233872285,5.818390095112886,14.68346608387385,0.4827737040679795,0.4827737040679795,0.4827737040679795,0.4827737040679795,0.4827737040679795,0.4827737040679795,0.0,0.0,0.0,10.669442458630845
2024-11-08,10.186359605515424,2.6631837345660005,15.472685310979402,5.790188830015672,14.71146211543822,-1.001729486239533,-1.001729486239533,-1.001729486239533,-1.001729486239533,-1.001729486239533,-1.001729486239533,0.0,0.0,0.0,9.18463011927589
2024-11-09,10.186050456467985,3.5484259120128,16.092000433334707,5.761987564918456,14.740345583092358,-0.48301496480632633,-0.48301496480632633,-0.48301496480632633,-0.48301496480632633,-0.48301496480632633,-0.48301496480632633,0.0,0.0,0.0,9.703035491661659
2024-11-10,10.185741307420543,4.636664609071783,17.285962299986405,5.735830414150609,14.767892179745887,0.6992095631456196,0.6992095631456196,0.6992095631456196,0.6992095631456196,0.6992095631456196,0.6992095631456196,0.0,0.0,0.0,10.884950870566161
2024-11-11,10.185432158373102,3.2764015331096714,16.486312537401545,5.716638620112475,14.79517256846043,-0.3076981590045863,-0.3076981590045863,-0.3076981590045863,-0.3076981590045863,-0.3076981590045863,-0.3076981590045863,0.0,0.0,0.0,9.877733999368516
2024-11-12,10.18512300932566,3.9430858400059465,16.638495819313054,5.695610618512961,14.806863137124507,0.22161700422110855,0.22161700422110855,0.22161700422110855,0.22161700422110855,0.22161700422110855,0.22161700422110855,0.0,0.0,0.0,10.406740013546768
2024-11-13,10.18481386027822,4.2118731470112225,16.578143246858566,5.677102020594046,14.823195084174868,0.38884233862056344,0.38884233862056344,0.38884233862056344,0.38884233862056344,0.38884233862056344,0.38884233862056344,0.0,0.0,0.0,10.573656198898783
2024-11-14,10.184504711230778,4.372770118859361,16.94249201266825,5.65859342267513,14.83461717354937,0.48277370406852566,0.48277370406852566,0.48277370406852566,0.48277370406852566,0.48277370406852566,0.48277370406852566,0.0,0.0,0.0,10.667278415299304
2024-11-15,10.184195562183337,2.4179503317046245,15.328654802639996,5.640084824756213,14.846239705556847,-1.0017294862393544,-1.0017294862393544,-1.0017294862393544,-1.0017294862393544,-1.0017294862393544,-1.0017294862393544,0.0,0.0,0.0,9.182466075943983
2024-11-16,10.183886413135896,3.2084200343616,16.11400521160286,5.621576226837298,14.857862237564325,-0.48301496480845213,-0.48301496480845213,-0.48301496480845213,-0.48301496480845213,-0.48301496480845213,-0.48301496480845213,0.0,0.0,0.0,9.700871448327444
2024-11-17,10.183577264088456,4.366231727928556,17.04223608502129,5.59956401560074,14.869484769571798,0.6992095631441941,0.6992095631441941,0.6992095631441941,0.6992095631441941,0.6992095631441941,0.6992095631441941,0.0,0.0,0.0,10.88278682723265
2024-11-18,10.183268115041013,3.4891929222638067,16.211878412306532,5.573121704258136,14.899018635746055,-0.30769815900539577,-0.30769815900539577,-0.30769815900539577,-0.30769815900539577,-0.30769815900539577,-0.30769815900539577,0.0,0.0,0.0,9.875569956035617
2024-11-19,10.182958965993574,3.9555592693234294,16.610014034784253,5.546679392915531,14.930921752831502,0.2216170042215189,0.2216170042215189,0.2216170042215189,0.2216170042215189,0.2216170042215189,0.2216170042215189,0.0,0.0,0.0,10.404575970215094
2024-11-20,10.182649816946132,3.780316761612256,17.45726118493806,5.520669683070366,14.962824869916947,0.38884233862117107,0.38884233862117107,0.38884233862117107,0.38884233862117107,0.38884233862117107,0.38884233862117107,0.0,0.0,0.0,10.571492155567302
2024-11-21,10.182340667898691,4.124291530113539,17.366020358332857,5.506798777978946,14.98863032045058,0.48277370406520836,0.48277370406520836,0.48277370406520836,0.48277370406520836,0.48277370406520836,0.48277370406520836,0.0,0.0,0.0,10.665114371963899
2024-11-22,10.18203151885125,2.668111534378203,15.816813889995277,5.492927872887528,14.99292494918456,-1.001729486239176,-1.001729486239176,-1.001729486239176,-1.001729486239176,-1.001729486239176,-1.001729486239176,0.0,0.0,0.0,9.180302032612074
2024-11-23,10.18172236980381,3.5061677239233444,16.152959010705956,5.480324977471275,14.994899604519299,-0.4830149648106001,-0.4830149648106001,-0.4830149648106001,-0.4830149648106001,-0.4830149648106001,-0.4830149648106001,0.0,0.0,0.0,9.69870740499321
2024-11-24,10.181413220756367,4.2753787546693305,16.80468606077237,5.468002538275582,15.020804846564209,0.6992095631427687,0.6992095631427687,0.6992095631427687,0.6992095631427687,0.6992095631427687,0.6992095631427687,0.0,0.0,0.0,10.880622783899137
2024-11-25,10.181104071708926,3.148959782435921,16.284639105596543,5.455541246751992,15.015233378390613,-0.3076981590062051,-0.3076981590062051,-0.3076981590062051,-0.3076981590062051,-0.3076981590062051,-0.3076981590062051,0.0,0.0,0.0,9.87340591270272
2024-11-26,10.180794922661486,3.8278406132259684,17.124765699903428,5.443145489601364,15.023944763883513,0.22161700422200042,0.22161700422200042,0.22161700422200042,0.22161700422200042,0.22161700422200042,0.22161700422200042,0.0,0.0,0.0,10.402411926883486
2024-11-27,10.180485773614045,3.7606428272260946,17.095336405556903,5.427728384197928,15.040826228874705,0.3888423386186939,0.3888423386186939,0.3888423386186939,0.3888423386186939,0.3888423386186939,0.3888423386186939,0.0,0.0,0.0,10.56932811223274
2024-11-28,10.180176624566602,4.085180580919426,17.53500871741645,5.40636667767644,15.057707693865897,0.48277370406575437,0.48277370406575437,0.48277370406575437,0.48277370406575437,0.48277370406575437,0.48277370406575437,0.0,0.0,0.0,10.662950328632357
2024-11-29,10.179867475519163,1.6056509115944222,15.70801293652786,5.397506922314995,15.074589158857087,-1.0017294862389974,-1.0017294862389974,-1.0017294862389974,-1.0017294862389974,-1.0017294862389974,-1.0017294862389974,0.0,0.0,0.0,9.178137989280167
2024-11-30,10.17955832647172,2.9605557762617396,16.22186490073983,5.372499813791538,15.085114396371557,-0.48301496480778805,-0.48301496480778805,-0.48301496480778805,-0.48301496480778805,-0.48301496480778805,-0.48301496480778805,0.0,0.0,0.0,9.696543361663933
2024-12-01,10.17924917742428,4.247269030681823,17.55230456606477,5.349446617809177,15.092330080435168,0.6992095631433639,0.6992095631433639,0.6992095631433639,0.6992095631433639,0.6992095631433639,0.6992095631433639,0.0,0.0,0.0,10.878458740567645
2024-12-02,10.17894002837684,3.214651884232522,16.531543006323297,5.335312473474386,15.111048186061717,-0.30769815900401226,-0.30769815900401226,-0.30769815900401226,-0.30769815900401226,-0.30769815900401226,-0.30769815900401226,0.0,0.0,0.0,9.871241869372827
2024-12-03,10.178630879329399,3.9276592546172413,17.535299771459453,5.307375869580424,15.130646463834557,0.22161700422248193,0.22161700422248193,0.22161700422248193,0.22161700422248193,0.22161700422248193,0.22161700422248193,0.0,0.0,0.0,10.40024788355188
2024-12-04,10.178321730281956,4.02000630365376,17.447695915149772,5.2772065938004395,15.150893616308883,0.388842338620334,0.388842338620334,0.388842338620334,0.388842338620334,0.388842338620334,0.388842338620334,0.0,0.0,0.0,10.56716406890229
2024-12-05,10.178012581234517,4.322589730748203,17.4663332957269,5.247084062603755,15.170909471338398,0.4827737040676464,0.4827737040676464,0.4827737040676464,0.4827737040676464,0.4827737040676464,0.4827737040676464,0.0,0.0,0.0,10.660786285302164
2024-12-06,10.177703432187075,2.622553597390039,16.086520232772294,5.21852335017309,15.190925326367912,-1.0017294862412671,-1.0017294862412671,-1.0017294862412671,-1.0017294862412671,-1.0017294862412671,-1.0017294862412671,0.0,0.0,0.0,9.175973945945808
2024-12-07,10.177394283139634,2.7716546267566513,16.769998330337874,5.189962637742425,15.210941181397427,-0.48301496480745587,-0.48301496480745587,-0.48301496480745587,-0.48301496480745587,-0.48301496480745587,-0.48301496480745587,0.0,0.0,0.0,9.694379318332178
2024-12-08,10.177085134092192,4.109125763423995,17.91400445290163,5.170947365341273,15.23095703642694,0.6992095631411941,0.6992095631411941,0.6992095631411941,0.6992095631411941,0.6992095631411941,0.6992095631411941,0.0,0.0,0.0,10.876294697233385
2024-12-09,10.176775985044753,2.914421990452853,16.239184072621157,5.154524743419532,15.25096559805332,-0.30769815900366076,-0.30769815900366076,-0.30769815900366076,-0.30769815900366076,-0.30769815900366076,-0.30769815900366076,0.0,0.0,0.0,9.869077826041092
2024-12-10,10.17646683599731,3.276164511449241,16.81922350831783,5.139216522124146,15.270966866276554,0.2216170042229635,0.2216170042229635,0.2216170042229635,0.2216170042229635,0.2216170042229635,0.2216170042229635,0.0,0.0,0.0,10.398083840220274
2024-12-11,10.17615768694987,3.913625179501189,17.969255521584287,5.12390830082876,15.291035602239221,0.3888423386199093,0.3888423386199093,0.3888423386199093,0.3888423386199093,0.3888423386199093,0.3888423386199093,0.0,0.0,0.0,10.565000025569779
2024-12-12,10.175848537902429,3.947239319489537,17.245011794072447,5.108600079533376,15.311171805941317,0.48277370406819253,0.48277370406819253,0.48277370406819253,0.48277370406819253,0.48277370406819253,0.48277370406819253,0.0,0.0,0.0,10.65862224197062
2024-12-13,10.175539388854988,2.0007385177522408,16.342698269524174,5.09366930189123,15.330669916686887,-1.0017294862390025,-1.0017294862390025,-1.0017294862390025,-1.0017294862390025,-1.0017294862390025,-1.0017294862390025,0.0,0.0,0.0,9.173809902615986
2024-12-14,10.175230239807547,2.3471807001557323,16.31836501914627,5.07951033536463,15.350086988861024,-0.4830149648071239,-0.4830149648071239,-0.4830149648071239,-0.4830149648071239,-0.4830149648071239,-0.4830149648071239,0.0,0.0,0.0,9.692215275000423
2024-12-15,10.174921090760106,3.7839914610848178,17.95147549987193,5.065351368838032,15.369504061035164,0.6992095631438097,0.6992095631438097,0.6992095631438097,0.6992095631438097,0.6992095631438097,0.6992095631438097,0.0,0.0,0.0,10.874130653903917
2024-12-16,10.174611941712664,2.9771363739797803,17.115439844085877,5.055714684199679,15.388921133209301,-0.3076981590056311,-0.3076981590056311,-0.3076981590056311,-0.3076981590056311,-0.3076981590056311,-0.3076981590056311,0.0,0.0,0.0,9.866913782707034
2024-12-17,10.174302792665223,3.1678711735720517,17.69011062908214,5.049797413729842,15.408338205383439,0.22161700422337385,0.22161700422337385,0.22161700422337385,0.22161700422337385,0.22161700422337385,0.22161700422337385,0.0,0.0,0.0,10.395919796888597
2024-12-18,10.173993643617782,3.6816328919101204,17.521456137611928,5.043880143260008,15.427755277557578,0.38884233862051704,0.38884233862051704,0.38884233862051704,0.38884233862051704,0.38884233862051704,0.38884233862051704,0.0,0.0,0.0,10.5628359822383
2024-12-19,10.173684494570342,3.0777244244974336,17.48810082247068,5.037962872790171,15.447172349731714,0.4827737040687386,0.4827737040687386,0.4827737040687386,0.4827737040687386,0.4827737040687386,0.4827737040687386,0.0,0.0,0.0,10.656458198639081
2024-12-20,10.173375345522901,2.1410146645253145,16.117049657439843,5.028937090174379,15.466589421905852,-1.0017294862412722,-1.0017294862412722,-1.0017294862412722,-1.0017294862412722,-1.0017294862412722,-1.0017294862412722,0.0,0.0,0.0,9.171645859281629
2024-12-21,10.17306619647546,3.220335291721998,16.53572198306541,5.011703998869504,15.486432783781877,-0.4830149648067919,-0.4830149648067919,-0.4830149648067919,-0.4830149648067919,-0.4830149648067919,-0.4830149648067919,0.0,0.0,0.0,9.690051231668669
2024-12-22,10.172757047428018,3.8273712255617736,17.588556979068546,4.993784366054162,15.499267865712143,0.6992095631444049,0.6992095631444049,0.6992095631444049,0.6992095631444049,0.6992095631444049,0.6992095631444049,0.0,0.0,0.0,10.871966610572423
2024-12-23,10.172447898380577,2.7271662427478867,17.078487506877956,4.966240922830716,15.506147115782666,-0.3076981590052795,-0.3076981590052795,-0.3076981590052795,-0.3076981590052795,-0.3076981590052795,-0.3076981590052795,0.0,0.0,0.0,9.864749739375297
2024-12-24,10.172138749333136,3.613442308271781,17.628818224511782,4.93869747960727,15.512517816988986,0.2216170042212926,0.2216170042212926,0.2216170042212926,0.2216170042212926,0.2216170042212926,0.2216170042212926,0.0,0.0,0.0,10.393755753554428
2024-12-25,10.171829600285696,3.693895584149238,17.446401792413162,4.913873432818668,15.518663734515172,0.3888423386211248,0.3888423386211248,0.3888423386211248,0.3888423386211248,0.3888423386211248,0.3888423386211248,0.0,0.0,0.0,10.56067193890682
2024-12-26,10.171520451238255,3.482030846215542,17.799148185259156,4.897825064165454,15.531697414436428,0.48277370406542136,0.48277370406542136,0.48277370406542136,0.48277370406542136,0.48277370406542136,0.48277370406542136,0.0,0.0,0.0,10.654294155303676
2024-12-27,10.171211302190812,2.007508807157043,16.432902326127678,4.881776695512241,15.56492100016396,-1.0017294862386454,-1.0017294862386454,-1.0017294862386454,-1.0017294862386454,-1.0017294862386454,-1.0017294862386454,0.0,0.0,0.0,9.169481815952167
2024-12-28,10.170902153143373,2.3937902128162207,16.564308694051316,4.865728326859029,15.59425830996776,-0.4830149648039798,-0.4830149648039798,-0.4830149648039798,-0.4830149648039798,-0.4830149648039798,-0.4830149648039798,0.0,0.0,0.0,9.687887188339394
2024-12-29,10.170593004095931,2.742131048071129,18.02586106130653,4.849782454745267,15.609894846024503,0.6992095631442555,0.6992095631442555,0.6992095631442555,0.6992095631442555,0.6992095631442555,0.6992095631442555,0.0,0.0,0.0,10.869802567240187
2024-12-30,10.17028385504849,2.6143710431761824,17.189314143701665,4.82693653315746,15.628451287374096,-0.3076981590049281,-0.3076981590049281,-0.3076981590049281,-0.3076981590049281,-0.3076981590049281,-0.3076981590049281,0.0,0.0,0.0,9.862585696043562
2024-12-31,10.16997470600105,3.159183619466909,18.108094337048623,4.8015998111318945,15.664529243990664,0.22161700422170288,0.22161700422170288,0.22161700422170288,0.22161700422170288,0.22161700422170288,0.22161700422170288,0.0,0.0,0.0,10.391591710222752
